-- MariaDB dump 10.19  Distrib 10.4.32-MariaDB, for Win64 (AMD64)
--
-- Host: localhost    Database: dinamic-site
-- ------------------------------------------------------
-- Server version	10.4.32-MariaDB

/*!40101 SET @OLD_CHARACTER_SET_CLIENT=@@CHARACTER_SET_CLIENT */;
/*!40101 SET @OLD_CHARACTER_SET_RESULTS=@@CHARACTER_SET_RESULTS */;
/*!40101 SET @OLD_COLLATION_CONNECTION=@@COLLATION_CONNECTION */;
/*!40101 SET NAMES utf8mb4 */;
/*!40103 SET @OLD_TIME_ZONE=@@TIME_ZONE */;
/*!40103 SET TIME_ZONE='+00:00' */;
/*!40014 SET @OLD_UNIQUE_CHECKS=@@UNIQUE_CHECKS, UNIQUE_CHECKS=0 */;
/*!40014 SET @OLD_FOREIGN_KEY_CHECKS=@@FOREIGN_KEY_CHECKS, FOREIGN_KEY_CHECKS=0 */;
/*!40101 SET @OLD_SQL_MODE=@@SQL_MODE, SQL_MODE='NO_AUTO_VALUE_ON_ZERO' */;
/*!40111 SET @OLD_SQL_NOTES=@@SQL_NOTES, SQL_NOTES=0 */;

--
-- Table structure for table `brands`
--

DROP TABLE IF EXISTS `brands`;
/*!40101 SET @saved_cs_client     = @@character_set_client */;
/*!40101 SET character_set_client = utf8 */;
CREATE TABLE `brands` (
  `id` int(11) NOT NULL AUTO_INCREMENT,
  `name` varchar(255) NOT NULL,
  `logo` varchar(255) DEFAULT '',
  `country` varchar(100) DEFAULT '╩шЄрщ',
  PRIMARY KEY (`id`)
) ENGINE=InnoDB AUTO_INCREMENT=47 DEFAULT CHARSET=utf8mb4 COLLATE=utf8mb4_general_ci;
/*!40101 SET character_set_client = @saved_cs_client */;

--
-- Dumping data for table `brands`
--

LOCK TABLES `brands` WRITE;
/*!40000 ALTER TABLE `brands` DISABLE KEYS */;
INSERT INTO `brands` VALUES (1,'BMW','','Германия'),(2,'Audi','','Германия'),(3,'Mitsubishi','','Япония'),(4,'Chery','','Китай'),(5,'Haval','','Китай'),(6,'Geely','','Китай'),(7,'BYD','','Китай'),(8,'Li Auto','','Китай'),(10,'Nio','nio_logo.png','Китай'),(11,'Xpeng','xpeng_logo.png','Китай'),(12,'Lixiang','lixiang_logo.png','Китай'),(13,'GAC','gac_logo.png','Китай'),(14,'SAIC','saic_logo.png','Китай'),(15,'Dongfeng','dongfeng_logo.png','Китай'),(16,'BAIC','baic_logo.png','Китай'),(17,'Changan','changan_logo.png','Китай'),(18,'Lynk & Co','lynkco_logo.png','Китай'),(19,'Wuling','wuling_logo.png','Китай'),(20,'AITO','aito_logo.png','Китай'),(21,'Zeekr','zeekr_logo.png','Китай'),(22,'Voyah','voyah_logo.png','Китай'),(23,'Tank','tank_logo.png','Китай'),(24,'Hongqi','hongqi_logo.png','Китай'),(25,'Roewe','roewe_logo.png','Китай'),(26,'MG','mg_logo.png','Китай'),(27,'Foton','foton_logo.png','Китай'),(28,'JAC','jac_logo.png','Китай'),(29,'Brilliance','brilliance_logo.png','?????'),(30,'Zhidou','zhidou_logo.png','?????'),(31,'Soueast','soueast_logo.png','?????'),(32,'FAW','faw_logo.png','?????'),(33,'Denza','denza_logo.png','?????'),(34,'Aiways','aiways_logo.png','?????'),(35,'Arcfox','arcfox_logo.png','?????'),(36,'Rising Auto','rising_logo.png','?????'),(37,'Deepal','deepal_logo.png','?????'),(38,'Seres','seres_logo.png','?????'),(39,'Leapmotor','leapmotor_logo.png','?????'),(40,'WEY','wey_logo.png','?????'),(41,'Haima','haima_logo.png','?????'),(42,'Maxus','maxus_logo.png','?????'),(43,'Ora','ora_logo.png','?????'),(44,'iCAR','icar_logo.png','?????'),(45,'Omoda','omoda_logo.png','?????'),(46,'Voyah','voyah_logo.png','?????');
/*!40000 ALTER TABLE `brands` ENABLE KEYS */;
UNLOCK TABLES;

--
-- Table structure for table `car_images`
--

DROP TABLE IF EXISTS `car_images`;
/*!40101 SET @saved_cs_client     = @@character_set_client */;
/*!40101 SET character_set_client = utf8 */;
CREATE TABLE `car_images` (
  `id` int(11) NOT NULL AUTO_INCREMENT,
  `id_car` int(11) NOT NULL,
  `img` varchar(255) NOT NULL,
  `sort_order` int(11) DEFAULT 0,
  PRIMARY KEY (`id`),
  KEY `id_car` (`id_car`),
  CONSTRAINT `car_images_ibfk_1` FOREIGN KEY (`id_car`) REFERENCES `cars` (`id`) ON DELETE CASCADE
) ENGINE=InnoDB AUTO_INCREMENT=214 DEFAULT CHARSET=utf8mb4 COLLATE=utf8mb4_general_ci;
/*!40101 SET character_set_client = @saved_cs_client */;

--
-- Dumping data for table `car_images`
--

LOCK TABLES `car_images` WRITE;
/*!40000 ALTER TABLE `car_images` DISABLE KEYS */;
INSERT INTO `car_images` VALUES (1,24,'byd_atto.jpg',1),(2,24,'byd_atto.jpg',2),(3,24,'byd_atto.jpg',3),(4,41,'geely_monjaro_1772865649.jpg',1),(5,41,'geely_monjaro_1772865649.jpg',2),(6,41,'geely_monjaro_1772865649.jpg',3),(7,109,'chery_tiggo8_g.jpg',1),(8,109,'chery_tiggo8_g.jpg',2),(9,109,'chery_tiggo8_g.jpg',3),(10,147,'xpeng_g6.jpg',1),(11,147,'xpeng_g6.jpg',2),(12,147,'xpeng_g6.jpg',3),(13,209,'photo_2026-03-08_02-39-08 (2).jpg',1),(14,209,'photo_2026-03-08_02-39-08 (2).jpg',2),(15,209,'photo_2026-03-08_02-39-08 (2).jpg',3),(16,47,'haval_jolion_orig.jpg',1),(17,47,'haval_jolion_orig.jpg',2),(18,47,'haval_jolion_orig.jpg',3),(19,63,'photo_2026-03-08_02-39-06.jpg',1),(20,63,'photo_2026-03-08_02-39-06.jpg',2),(21,63,'photo_2026-03-08_02-39-06.jpg',3),(22,70,'rq3rfvsvtgs4t33.jpg',1),(23,70,'rq3rfvsvtgs4t33.jpg',2),(24,70,'rq3rfvsvtgs4t33.jpg',3),(25,88,'3tsg4y6532sdfg.jpg',1),(26,88,'3tsg4y6532sdfg.jpg',2),(27,88,'3tsg4y6532sdfg.jpg',3),(28,114,'geely_monjaro_g.jpg',1),(29,114,'geely_monjaro_g.jpg',2),(30,114,'geely_monjaro_g.jpg',3),(31,139,'photo_2026-03-08_02-39-09.jpg',1),(32,139,'photo_2026-03-08_02-39-09.jpg',2),(33,139,'photo_2026-03-08_02-39-09.jpg',3),(34,145,'voyah_free.jpg',1),(35,145,'voyah_free.jpg',2),(36,145,'voyah_free.jpg',3),(37,190,'haval_jolion_1772865643.jpg',1),(38,190,'haval_jolion_1772865643.jpg',2),(39,190,'haval_jolion_1772865643.jpg',3),(40,212,'photo_2026-03-08_02-39-10.jpg',1),(41,212,'photo_2026-03-08_02-39-10.jpg',2),(42,212,'photo_2026-03-08_02-39-10.jpg',3),(43,16,'audi_a4_1772865631.jpg',1),(44,16,'audi_a4_1772865631.jpg',2),(45,16,'audi_a4_1772865631.jpg',3),(46,91,'audi_a6_1772865634.jpg',1),(47,91,'audi_a6_1772865634.jpg',2),(48,91,'audi_a6_1772865634.jpg',3),(49,143,'sfge54gsd4gd.jpg',1),(50,143,'sfge54gsd4gd.jpg',2),(51,143,'sfge54gsd4gd.jpg',3),(52,182,'depositphotos_30058785-stock-photo-car-on-an-offroad-track.jpg',1),(53,182,'depositphotos_30058785-stock-photo-car-on-an-offroad-track.jpg',2),(54,182,'depositphotos_30058785-stock-photo-car-on-an-offroad-track.jpg',3),(55,213,'photo_2026-03-08_02-39-29.jpg',1),(56,213,'photo_2026-03-08_02-39-29.jpg',2),(57,213,'photo_2026-03-08_02-39-29.jpg',3),(58,5,'1771690222_f0604c63.jpg',1),(59,5,'1771690222_f0604c63.jpg',2),(60,5,'1771690222_f0604c63.jpg',3),(61,11,'aiways_u5.jpg',1),(62,11,'aiways_u5.jpg',2),(63,11,'aiways_u5.jpg',3),(64,60,'photo_2026-03-08_02-39-03.jpg',1),(65,60,'photo_2026-03-08_02-39-03.jpg',2),(66,60,'photo_2026-03-08_02-39-03.jpg',3),(67,104,'byd_song_orig.jpg',1),(68,104,'byd_song_orig.jpg',2),(69,104,'byd_song_orig.jpg',3),(70,152,'zeekr_001.jpg',1),(71,152,'zeekr_001.jpg',2),(72,152,'zeekr_001.jpg',3),(73,28,'byd_han_g.jpg',1),(74,28,'byd_han_g.jpg',2),(75,28,'byd_han_g.jpg',3),(76,62,'photo_2026-03-08_02-39-04.jpg',1),(77,62,'photo_2026-03-08_02-39-04.jpg',2),(78,62,'photo_2026-03-08_02-39-04.jpg',3),(79,118,'haval_jolion_1772865643.jpg',1),(80,118,'haval_jolion_1772865643.jpg',2),(81,118,'haval_jolion_1772865643.jpg',3),(82,140,'photo_2026-03-08_02-39-10.jpg',1),(83,140,'photo_2026-03-08_02-39-10.jpg',2),(84,140,'photo_2026-03-08_02-39-10.jpg',3),(85,166,'bmw_x3_1772865629.jpg',1),(86,166,'bmw_x3_1772865629.jpg',2),(87,166,'bmw_x3_1772865629.jpg',3),(88,185,'geely_monjaro_1772865649.jpg',1),(89,185,'geely_monjaro_1772865649.jpg',2),(90,185,'geely_monjaro_1772865649.jpg',3),(91,48,'hongqi_h9_g.jpg',1),(92,48,'hongqi_h9_g.jpg',2),(93,48,'hongqi_h9_g.jpg',3),(94,67,'photo_2026-03-08_02-39-09.jpg',1),(95,67,'photo_2026-03-08_02-39-09.jpg',2),(96,67,'photo_2026-03-08_02-39-09.jpg',3),(97,95,'bmw_x5_1772865626.jpg',1),(98,95,'bmw_x5_1772865626.jpg',2),(99,95,'bmw_x5_1772865626.jpg',3),(100,167,'bmw_x5_1772865626.jpg',1),(101,167,'bmw_x5_1772865626.jpg',2),(102,167,'bmw_x5_1772865626.jpg',3),(103,204,'photo_2026-03-08_02-39-03.jpg',1),(104,204,'photo_2026-03-08_02-39-03.jpg',2),(105,204,'photo_2026-03-08_02-39-03.jpg',3),(106,42,'geely_monjaro_g.jpg',1),(107,42,'geely_monjaro_g.jpg',2),(108,42,'geely_monjaro_g.jpg',3),(109,82,'1771690222_2256cbc7.jpg',1),(110,82,'1771690222_2256cbc7.jpg',2),(111,82,'1771690222_2256cbc7.jpg',3),(112,162,'audi_a4_1772865631.jpg',1),(113,162,'audi_a4_1772865631.jpg',2),(114,162,'audi_a4_1772865631.jpg',3),(115,33,'changan_unit_g.jpg',1),(116,33,'changan_unit_g.jpg',2),(117,33,'changan_unit_g.jpg',3),(118,77,'xpeng_g9_g.jpg',1),(119,77,'xpeng_g9_g.jpg',2),(120,77,'xpeng_g9_g.jpg',3),(121,110,'depositphotos_30058785-stock-photo-car-on-an-offroad-track.jpg',1),(122,110,'depositphotos_30058785-stock-photo-car-on-an-offroad-track.jpg',2),(123,110,'depositphotos_30058785-stock-photo-car-on-an-offroad-track.jpg',3),(124,136,'photo_2026-03-08_02-39-07.jpg',1),(125,136,'photo_2026-03-08_02-39-07.jpg',2),(126,136,'photo_2026-03-08_02-39-07.jpg',3),(127,189,'haval_h9_g.jpg',1),(128,189,'haval_h9_g.jpg',2),(129,189,'haval_h9_g.jpg',3),(130,208,'photo_2026-03-08_02-39-07.jpg',1),(131,208,'photo_2026-03-08_02-39-07.jpg',2),(132,208,'photo_2026-03-08_02-39-07.jpg',3),(133,35,'chery_tiggo7_orig.jpg',1),(134,35,'chery_tiggo7_orig.jpg',2),(135,35,'chery_tiggo7_orig.jpg',3),(136,56,'nio_el6.jpg',1),(137,56,'nio_el6.jpg',2),(138,56,'nio_el6.jpg',3),(139,98,'byd_han_1772865652.jpg',1),(140,98,'byd_han_1772865652.jpg',2),(141,98,'byd_han_1772865652.jpg',3),(142,121,'imagesgdbdgeg4.jpg',1),(143,121,'imagesgdbdgeg4.jpg',2),(144,121,'imagesgdbdgeg4.jpg',3),(145,138,'photo_2026-03-08_02-39-08.jpg',1),(146,138,'photo_2026-03-08_02-39-08.jpg',2),(147,138,'photo_2026-03-08_02-39-08.jpg',3),(148,176,'byd_song_orig.jpg',1),(149,176,'byd_song_orig.jpg',2),(150,176,'byd_song_orig.jpg',3),(151,196,'lynkco_09_g.jpg',1),(152,196,'lynkco_09_g.jpg',2),(153,196,'lynkco_09_g.jpg',3),(154,57,'nio_et5.jpg',1),(155,57,'nio_et5.jpg',2),(156,57,'nio_et5.jpg',3),(157,125,'mitsubishi_ecl_1772865639.jpg',1),(158,125,'mitsubishi_ecl_1772865639.jpg',2),(159,125,'mitsubishi_ecl_1772865639.jpg',3),(160,192,'hongqi_h9_g.jpg',1),(161,192,'hongqi_h9_g.jpg',2),(162,192,'hongqi_h9_g.jpg',3),(163,21,'bmw_3series_1772865628.jpg',1),(164,21,'bmw_3series_1772865628.jpg',2),(165,21,'bmw_3series_1772865628.jpg',3),(166,38,'depositphotos_30058785-stock-photo-car-on-an-offroad-track.jpg',1),(167,38,'depositphotos_30058785-stock-photo-car-on-an-offroad-track.jpg',2),(168,38,'depositphotos_30058785-stock-photo-car-on-an-offroad-track.jpg',3),(169,93,'bmw_3series_1772865628.jpg',1),(170,93,'bmw_3series_1772865628.jpg',2),(171,93,'bmw_3series_1772865628.jpg',3),(172,107,'chery_tiggo7_orig.jpg',1),(173,107,'chery_tiggo7_orig.jpg',2),(174,107,'chery_tiggo7_orig.jpg',3),(175,131,'nio_et7_g.jpg',1),(176,131,'nio_et7_g.jpg',2),(177,131,'nio_et7_g.jpg',3),(178,160,'3tsg4y6532sdfg.jpg',1),(179,160,'3tsg4y6532sdfg.jpg',2),(180,160,'3tsg4y6532sdfg.jpg',3),(181,170,'byd_han_1772865652.jpg',1),(182,170,'byd_han_1772865652.jpg',2),(183,170,'byd_han_1772865652.jpg',3),(184,181,'chery_tiggo8_g.jpg',1),(185,181,'chery_tiggo8_g.jpg',2),(186,181,'chery_tiggo8_g.jpg',3),(187,215,'sfge54gsd4gd.jpg',1),(188,215,'sfge54gsd4gd.jpg',2),(189,215,'sfge54gsd4gd.jpg',3),(190,85,'1771690222_f0604c63.jpg',1),(191,85,'1771690222_f0604c63.jpg',2),(192,85,'1771690222_f0604c63.jpg',3),(193,115,'haval_dargo_1772865646.jpg',1),(194,115,'haval_dargo_1772865646.jpg',2),(195,115,'haval_dargo_1772865646.jpg',3),(196,163,'audi_a6_1772865634.jpg',1),(197,163,'audi_a6_1772865634.jpg',2),(198,163,'audi_a6_1772865634.jpg',3),(199,23,'bmw_x5_1772865626.jpg',1),(200,23,'bmw_x5_1772865626.jpg',2),(201,23,'bmw_x5_1772865626.jpg',3),(202,46,'haval_jolion_1772865643.jpg',1),(203,46,'haval_jolion_1772865643.jpg',2),(204,46,'haval_jolion_1772865643.jpg',3),(205,59,'nio_et7_g.jpg',1),(206,59,'nio_et7_g.jpg',2),(207,59,'nio_et7_g.jpg',3),(208,124,'lynkco_09_g.jpg',1),(209,124,'lynkco_09_g.jpg',2),(210,124,'lynkco_09_g.jpg',3),(211,207,'photo_2026-03-08_02-39-06.jpg',1),(212,207,'photo_2026-03-08_02-39-06.jpg',2),(213,207,'photo_2026-03-08_02-39-06.jpg',3);
/*!40000 ALTER TABLE `car_images` ENABLE KEYS */;
UNLOCK TABLES;

--
-- Table structure for table `cars`
--

DROP TABLE IF EXISTS `cars`;
/*!40101 SET @saved_cs_client     = @@character_set_client */;
/*!40101 SET character_set_client = utf8 */;
CREATE TABLE `cars` (
  `id` int(11) NOT NULL AUTO_INCREMENT,
  `id_user` int(11) NOT NULL,
  `id_brand` int(11) NOT NULL,
  `title` varchar(255) NOT NULL,
  `price` decimal(12,2) DEFAULT 0.00,
  `year` int(11) DEFAULT 2024,
  `mileage` int(11) DEFAULT 0,
  `engine_type` varchar(50) DEFAULT '',
  `engine_volume` decimal(3,1) DEFAULT 0.0,
  `horsepower` int(11) DEFAULT 0,
  `transmission` varchar(50) DEFAULT '',
  `drive_type` varchar(50) DEFAULT '',
  `body_type` varchar(50) DEFAULT '',
  `color` varchar(50) DEFAULT '',
  `description` text DEFAULT NULL,
  `img` varchar(255) DEFAULT '',
  `status` tinyint(4) DEFAULT 0,
  `featured` tinyint(4) DEFAULT 0,
  `created_date` timestamp NOT NULL DEFAULT current_timestamp(),
  PRIMARY KEY (`id`),
  KEY `id_user` (`id_user`),
  KEY `id_brand` (`id_brand`),
  CONSTRAINT `cars_ibfk_1` FOREIGN KEY (`id_user`) REFERENCES `users` (`id`) ON DELETE CASCADE,
  CONSTRAINT `cars_ibfk_2` FOREIGN KEY (`id_brand`) REFERENCES `brands` (`id`) ON DELETE CASCADE
) ENGINE=InnoDB AUTO_INCREMENT=221 DEFAULT CHARSET=utf8mb4 COLLATE=utf8mb4_general_ci;
/*!40101 SET character_set_client = @saved_cs_client */;

--
-- Dumping data for table `cars`
--

LOCK TABLES `cars` WRITE;
/*!40000 ALTER TABLE `cars` DISABLE KEYS */;
INSERT INTO `cars` VALUES (1,53,1,'BMW X5 xDrive40i',6900000.00,2024,0,'Бензин',3.0,340,'Автомат','Полный','Внедорожник','Чёрный','Роскошный полноразмерный SUV с мощным 3-литровым двигателем. Адаптивная подвеска, панорамная крыша, премиальная аудиосистема Harman Kardon.','1771690222_2256cbc7.jpg',1,1,'2026-03-07 06:40:57'),(2,54,1,'BMW 320i M Sport',4200000.00,2024,5000,'Бензин',2.0,184,'Автомат','Задний','Седан','Белый','Спортивный седан с пакетом M Sport. Динамичный дизайн, светодиодные фары, спортивные сиденья и адаптивный круиз-контроль.','1771690222_835cbd96.jpg',1,1,'2026-03-07 06:40:57'),(3,54,1,'BMW X3 xDrive20d',5100000.00,2023,12000,'Дизель',2.0,190,'Автомат','Полный','Кроссовер','Серый','Компактный премиальный кроссовер с экономичным дизелем. Система iDrive 8, беспроводной CarPlay, парковочный ассистент.','1771690222_89b1a064.jpg',1,1,'2026-03-07 06:40:57'),(5,54,2,'Audi Q5 Sportback',5500000.00,2024,0,'Бензин',2.0,265,'Автомат','Полный','Кроссовер','Красный','Стильный кроссовер-купе с полным приводом quattro. Двойной цифровой экран MMI, пневмоподвеска, премиум-интерьер.','1771690222_f0604c63.jpg',1,1,'2026-03-07 06:40:57'),(6,53,2,'Audi A6 55 TFSI',5900000.00,2023,20000,'Бензин',3.0,340,'Автомат','Полный','Седан','Чёрный','Бизнес-класс с мощным V6. Полностью цифровой интерьер, адаптивная пневмоподвеска, система ночного видения.','3r2f14241423.jpg',1,1,'2026-03-07 06:40:57'),(8,54,3,'Mitsubishi Pajero Sport',4100000.00,2023,15000,'Дизель',2.4,181,'Автомат','Полный','Внедорожник','Серебристый','Настоящий внедорожник с рамной конструкцией. Режимы бездорожья, понижающая передача, блокировка дифференциала.','3rwgws32t4t224.jpg',1,0,'2026-03-07 06:40:57'),(9,54,3,'Mitsubishi Eclipse Cross',2600000.00,2024,4000,'Бензин',1.5,150,'Вариатор','Полный','Кроссовер','Оранжевый','Компактный стильный кроссовер. Турбомотор, полный привод, мультимедиа с Apple CarPlay и Android Auto.','3tsg4y6532sdfg.jpg',1,0,'2026-03-07 06:40:57'),(11,54,4,'Chery Tiggo 8 Pro Max',2900000.00,2024,0,'Бензин',2.0,197,'Автомат','Полный','Внедорожник','Чёрный','Флагман линейки Tiggo. 7 мест, турбодвигатель, виртуальная приборная панель, автопилот Level 2.','aiways_u5.jpg',1,0,'2026-03-07 06:40:57'),(16,53,6,'Geely Monjaro',3400000.00,2024,0,'Бензин',2.0,238,'Автомат','Полный','Внедорожник','Белый','Премиальный SUV на платформе Volvo. Полный привод, пневмоподвеска, интерьер с натуральной кожей и деревом.','audi_a4_1772865631.jpg',1,0,'2026-03-07 06:40:57'),(17,54,7,'BYD Song Plus EV',3100000.00,2024,5000,'Электро',0.0,204,'Автомат','Передний','Кроссовер','Серый','Электрический кроссовер с запасом хода 505 км. Быстрая зарядка, вращающийся экран 15.6\", система DiPilot.','audi_a6_1772865634.jpg',1,0,'2026-03-07 06:40:57'),(18,53,7,'BYD Han EV',4200000.00,2024,0,'Электро',0.0,517,'Автомат','Полный','Седан','Чёрный','Флагманский электроседан. Батарея Blade, разгон 0-100 за 3.9 сек, автопилот, премиальный салон Nappa.','audi_q5_1772865632.jpg',1,0,'2026-03-07 06:40:57'),(21,63,27,'Foton E5 EV 2024',7338368.00,2024,24915,'Гибрид (PHEV)',1.7,213,'Робот','Задний','Минивэн','Синий','Премиальный интерьер и массажные кресла.','bmw_3series_1772865628.jpg',1,0,'2025-07-07 18:23:42'),(22,63,4,'Chery MEGA MPV 2024',6044343.00,2024,2890,'Гибрид',2.6,271,'Вариатор','Задний','Минивэн','Серый','Флагманская модель с передовыми технологиями.','bmw_x3_1772865629.jpg',1,0,'2026-01-17 18:23:42'),(23,65,32,'FAW Cyberster 2024',8289227.00,2024,38020,'Гибрид',1.4,584,'Вариатор','Полный 4WD','Минивэн','Серый','Премиальный интерьер и массажные кресла.','bmw_x5_1772865626.jpg',1,0,'2025-04-05 18:23:42'),(24,50,6,'Geely Tiggo 4 Pro 2022',2673423.00,2022,55923,'Электро',NULL,517,'Автомат','Полный 4WD','Купе','Серебристый','Гибридная система экономит до 70pct топлива.','byd_atto.jpg',1,0,'2025-06-17 18:23:42'),(25,50,23,'Tank L9 Max 2023',10323032.00,2023,39049,'Бензин',2.3,104,'Робот','Полный 4WD','Минивэн','Чёрный','Электромобиль нового поколения.','byd_dolphin.jpg',1,0,'2025-03-12 18:23:42'),(26,52,32,'FAW J7 Sedan 2022',10733334.00,2022,41850,'Бензин',2.3,259,'Робот','Задний','Универсал','Серый','Надёжный внедорожник для любых дорог.','byd_han_1772865652.jpg',1,0,'2026-02-16 18:23:42'),(27,63,28,'JAC Tiggo 8 Pro 2022',4661143.00,2022,55070,'Гибрид',2.5,488,'Вариатор','Задний','Седан','Чёрный','Компактный городской автомобиль.','byd_han_ev.jpg',1,1,'2025-05-17 18:23:42'),(28,57,16,'BAIC Blue Mtn 2024',2276588.00,2024,22384,'Бензин',2.2,595,'Вариатор','Задний','Минивэн','Красный','Отличный выбор для городской езды.','byd_han_g.jpg',1,0,'2026-01-04 18:23:42'),(29,50,33,'Denza Seal 2024 2024',5063886.00,2024,21922,'Дизель',2.1,622,'Робот','Передний','Хэтчбек','Серебристый','Премиальный интерьер и массажные кресла.','byd_seal.jpg',1,0,'2025-03-31 18:23:42'),(30,64,21,'Zeekr 400 Hi4-T 2023',8190965.00,2023,23490,'Бензин',2.1,641,'Вариатор','Задний','Внедорожник','Чёрный','Отличный выбор для городской езды.','byd_seal_u.jpg',1,0,'2026-01-05 18:23:42'),(31,65,27,'Foton EHS PHEV 2023',11259044.00,2023,8020,'Дизель',2.0,676,'Вариатор','Задний','Седан','Синий','Надёжный внедорожник для любых дорог.','byd_song_1772865651.jpg',1,0,'2025-08-29 18:23:42'),(32,60,12,'Lixiang U6 Coupe 2024',4474216.00,2024,292,'Электро',NULL,483,'Вариатор','Передний','Кроссовер','Серый','Гибридная система экономит до 70pct топлива.','byd_song_orig.jpg',1,0,'2025-05-17 18:23:42'),(33,60,27,'Foton P7 Wing 2023',7551817.00,2023,51002,'Бензин',1.2,490,'Робот','Передний','Седан','Серебристый','Надёжный внедорожник для любых дорог.','changan_unit_g.jpg',1,0,'2026-02-03 18:23:42'),(34,56,13,'GAC C9 PHEV 2022',10465951.00,2022,50735,'Гибрид',2.2,182,'Автомат','Передний','Седан','Серебристый','Флагманская модель с передовыми технологиями.','chery_tiggo7_1772865640.jpg',1,0,'2025-03-09 18:23:42'),(35,61,18,'Lynk X9 MPV 2023',9348032.00,2023,48622,'Дизель',1.0,488,'Робот','Задний','Внедорожник','Серый','Отличный выбор для городской езды.','chery_tiggo7_orig.jpg',1,0,'2026-02-28 18:23:42'),(36,61,27,'Foton C10 2024 2022',14510733.00,2022,15053,'Бензин',2.3,444,'Вариатор','Полный 4WD','Хэтчбек','Чёрный','Гибридная система экономит до 70pct топлива.','chery_tiggo8_1772865642.jpg',1,0,'2025-06-09 18:23:42'),(37,57,37,'Deepal Tiggo 4 Pro 2024',13681938.00,2024,35962,'Дизель',2.8,135,'Вариатор','Задний','Кроссовер','Синий','Семейный автомобиль с большим багажником.','chery_tiggo8_g.jpg',1,0,'2025-10-26 18:23:42'),(38,63,17,'Changan B70 2024 2024',4515362.00,2024,18142,'Электро',NULL,313,'Автомат','Передний','Универсал','Белый','Мощная турбочетвёрка и полный привод.','depositphotos_30058785-stock-photo-car-on-an-offroad-track.jpg',1,0,'2025-04-11 18:23:42'),(39,65,26,'MG EC7 SUV 2022',13841553.00,2022,12750,'Бензин',2.7,546,'Вариатор','Полный 4WD','Седан','Серый','Семейный автомобиль с большим багажником.','geely_coolray_1772865648.jpg',1,0,'2025-09-30 18:23:42'),(40,57,32,'FAW Cyberster 2023',2167944.00,2023,18163,'Гибрид',2.8,212,'Вариатор','Задний','Купе','Красный','Премиальный интерьер и массажные кресла.','geely_coolray_orig.jpg',1,0,'2025-06-10 18:23:42'),(41,50,34,'Aiways 500 Hi4-T 2022',13771028.00,2022,44730,'Бензин',2.3,354,'Автомат','Полный 4WD','Минивэн','Синий','Отличный выбор для городской езды.','geely_monjaro_1772865649.jpg',1,0,'2025-07-08 18:23:42'),(42,59,12,'Lixiang U6 Coupe 2023',13497020.00,2023,1447,'Дизель',2.0,686,'Автомат','Задний','Кроссовер','Красный','Электромобиль нового поколения.','geely_monjaro_g.jpg',1,1,'2025-10-17 18:23:42'),(43,63,6,'Geely JS4 EV 2024',12320535.00,2024,4036,'Бензин',2.5,182,'Автомат','Передний','Седан','Серебристый','Мощная турбочетвёрка и полный привод.','haval_dargo_1772865646.jpg',1,0,'2025-12-06 18:23:42'),(44,58,40,'WEY BJ40 Plus 2022',3310218.00,2022,39951,'Гибрид (PHEV)',1.0,651,'Автомат','Передний','Внедорожник','Серый','Электромобиль нового поколения.','haval_f7_1772865645.jpg',1,1,'2025-08-28 18:23:42'),(45,52,33,'Denza Sea Lion 2022',4738691.00,2022,12359,'Гибрид',1.5,246,'Вариатор','Полный 4WD','Внедорожник','Белый','Премиальный интерьер и массажные кресла.','haval_h9_g.jpg',1,0,'2025-08-29 18:23:42'),(46,65,37,'Deepal ET5 Tour 2023',3824532.00,2023,14743,'Электро',NULL,586,'Автомат','Задний','Универсал','Чёрный','Спортивный характер и динамичный дизайн.','haval_jolion_1772865643.jpg',1,1,'2025-03-17 18:23:42'),(47,52,41,'Haima Tiggo 7 Pro 2023',8716946.00,2023,12636,'Бензин',1.4,397,'Автомат','Задний','Универсал','Синий','Семейный автомобиль с большим багажником.','haval_jolion_orig.jpg',1,0,'2025-11-20 18:23:42'),(48,58,33,'Denza Tang EV 2022',10195184.00,2022,44722,'Гибрид',1.1,287,'Вариатор','Полный 4WD','Минивэн','Красный','Надёжный внедорожник для любых дорог.','hongqi_h9_g.jpg',1,0,'2025-11-28 18:23:42'),(49,52,6,'Geely Dargo 2024 2022',10004790.00,2022,13721,'Электро',NULL,570,'Вариатор','Передний','Минивэн','Красный','Компактный городской автомобиль.','imagesgdbdgeg4.jpg',1,0,'2025-05-01 18:23:42'),(50,53,11,'Xpeng Coffee 01 2023',8842553.00,2023,29210,'Электро',NULL,290,'Вариатор','Задний','Минивэн','Белый','Флагманская модель с передовыми технологиями.','leapmotor_t03.jpg',1,0,'2025-09-28 18:23:42'),(51,64,41,'Haima 400 Hi4-T 2024',14047312.00,2024,28961,'Бензин',1.7,293,'Автомат','Задний','Седан','Белый','Спортивный характер и динамичный дизайн.','li_l9_g.jpg',1,0,'2025-05-30 18:23:42'),(52,58,33,'Denza Aion S 2024',11433224.00,2024,34753,'Гибрид (PHEV)',2.8,475,'Робот','Полный 4WD','Универсал','Серебристый','Гибридная система экономит до 70pct топлива.','lynkco_09_g.jpg',1,0,'2026-02-27 18:23:42'),(53,58,37,'Deepal Monjaro 2023',4382248.00,2023,50850,'Дизель',1.4,652,'Робот','Передний','Минивэн','Белый','Электромобиль нового поколения.','mitsubishi_ecl_1772865639.jpg',1,0,'2025-08-08 18:23:42'),(54,65,24,'Hongqi 007 GT 2023',3587892.00,2023,42781,'Гибрид (PHEV)',2.1,571,'Автомат','Передний','Внедорожник','Белый','Надёжный внедорожник для любых дорог.','mitsubishi_out_1772865635.jpg',1,0,'2025-08-19 18:23:42'),(55,61,12,'Lixiang Song Plus 2022',14811429.00,2022,15601,'Бензин',1.8,653,'Робот','Передний','Универсал','Красный','Семейный автомобиль с большим багажником.','mitsubishi_paj_1772865637.jpg',1,0,'2026-01-23 18:23:42'),(56,61,4,'Chery Eado EV 2022',2022290.00,2022,13811,'Бензин',1.0,463,'Робот','Задний','Купе','Синий','Мощная турбочетвёрка и полный привод.','nio_el6.jpg',1,0,'2025-06-11 18:23:42'),(57,62,15,'Dongfeng ET5 Tour 2022',12433565.00,2022,4255,'Гибрид (PHEV)',2.3,373,'Вариатор','Полный 4WD','Универсал','Белый','Премиальный интерьер и массажные кресла.','nio_et5.jpg',1,0,'2025-08-03 18:23:42'),(58,65,34,'Aiways Uni-T 2022',2194917.00,2022,49453,'Бензин',2.5,209,'Вариатор','Полный 4WD','Минивэн','Синий','Семейный автомобиль с большим багажником.','nio_et7.jpg',1,0,'2025-12-06 18:23:42'),(59,65,21,'Zeekr T77 Pro 2023',14281100.00,2023,53294,'Гибрид',1.1,491,'Автомат','Полный 4WD','Седан','Синий','Флагманская модель с передовыми технологиями.','nio_et7_g.jpg',1,0,'2025-10-30 18:23:42'),(60,56,12,'Lixiang ET9 2024 2022',1825411.00,2022,27908,'Дизель',1.7,158,'Робот','Задний','Седан','Белый','Семейный автомобиль с большим багажником.','photo_2026-03-08_02-39-03.jpg',1,0,'2025-08-29 18:23:42'),(61,52,43,'Ora 4 EV 2023',1667016.00,2023,35385,'Бензин',2.7,224,'Вариатор','Передний','Купе','Чёрный','Компактный городской автомобиль.','photo_2026-03-08_02-39-04 (2).jpg',1,0,'2026-02-16 18:23:42'),(62,57,40,'WEY Song Plus 2022',9806994.00,2022,25760,'Электро',NULL,698,'Вариатор','Задний','Внедорожник','Чёрный','Отличный выбор для городской езды.','photo_2026-03-08_02-39-04.jpg',1,1,'2025-03-13 18:23:42'),(63,52,15,'Dongfeng L6 EREV 2023',5471618.00,2023,56323,'Гибрид (PHEV)',1.0,222,'Автомат','Передний','Хэтчбек','Чёрный','Флагманская модель с передовыми технологиями.','photo_2026-03-08_02-39-06.jpg',1,0,'2025-03-17 18:23:42'),(64,60,17,'Changan BJ40 Plus 2022',13006328.00,2022,3708,'Гибрид (PHEV)',2.3,517,'Автомат','Полный 4WD','Седан','Красный','Компактный городской автомобиль.','photo_2026-03-08_02-39-07.jpg',1,0,'2025-05-07 18:23:42'),(65,52,11,'Xpeng EL7 EV 2022',6192579.00,2022,57539,'Гибрид',2.0,495,'Автомат','Полный 4WD','Седан','Синий','Флагманская модель с передовыми технологиями.','photo_2026-03-08_02-39-08 (2).jpg',1,0,'2025-05-14 18:23:42'),(66,57,42,'Maxus Mix 2024 2023',13928158.00,2023,10167,'Бензин',1.8,181,'Автомат','Задний','Купе','Серебристый','Надёжный внедорожник для любых дорог.','photo_2026-03-08_02-39-08.jpg',1,0,'2025-05-23 18:23:42'),(67,58,6,'Geely C5 2024 2022',14307663.00,2022,53153,'Электро',NULL,555,'Автомат','Передний','Внедорожник','Синий','Надёжный внедорожник для любых дорог.','photo_2026-03-08_02-39-09.jpg',1,0,'2025-06-27 18:23:42'),(68,52,21,'Zeekr DX9 MPV 2024',13784894.00,2024,32000,'Дизель',1.3,269,'Робот','Задний','Минивэн','Красный','Компактный городской автомобиль.','photo_2026-03-08_02-39-10.jpg',1,0,'2025-04-12 18:23:42'),(69,57,28,'JAC Yixuan EV 2022',2215331.00,2022,28687,'Электро',NULL,615,'Робот','Полный 4WD','Купе','Чёрный','Флагманская модель с передовыми технологиями.','photo_2026-03-08_02-39-29.jpg',1,1,'2025-06-23 18:23:42'),(70,52,6,'Geely 007 GT 2023',13030373.00,2023,26602,'Гибрид',2.5,634,'Вариатор','Полный 4WD','Хэтчбек','Красный','Отличный выбор для городской езды.','rq3rfvsvtgs4t33.jpg',1,0,'2025-03-23 18:23:42'),(71,56,18,'Lynk Song Plus 2022',3637898.00,2022,59715,'Гибрид',1.8,304,'Автомат','Задний','Хэтчбек','Серебристый','Семейный автомобиль с большим багажником.','sfge54gsd4gd.jpg',1,0,'2025-10-28 18:23:42'),(72,61,21,'Zeekr Good Cat 2023',9400062.00,2023,38509,'Бензин',2.3,327,'Автомат','Полный 4WD','Хэтчбек','Белый','Флагманская модель с передовыми технологиями.','tank_300_g.jpg',1,0,'2025-07-29 18:23:42'),(73,50,24,'Hongqi Eado EV 2022',14260552.00,2022,22504,'Электро',NULL,429,'Автомат','Передний','Кроссовер','Красный','Компактный городской автомобиль.','voyah_free.jpg',1,0,'2025-06-05 18:23:42'),(74,52,15,'Dongfeng BJ60 2024',3632688.00,2024,54124,'Гибрид',2.2,105,'Вариатор','Полный 4WD','Хэтчбек','Синий','Компактный городской автомобиль.','voyah_free_g.jpg',1,0,'2026-01-11 18:23:42'),(75,60,10,'Nio G9 Ultra 2024',14155364.00,2024,52571,'Гибрид (PHEV)',2.1,234,'Робот','Задний','Минивэн','Белый','Семейный автомобиль с большим багажником.','xpeng_g6.jpg',1,1,'2026-01-13 18:23:42'),(76,59,45,'Omoda GT 7 2023',5237706.00,2023,47400,'Дизель',2.3,647,'Вариатор','Передний','Купе','Чёрный','Надёжный внедорожник для любых дорог.','xpeng_g9.jpg',1,0,'2025-05-08 18:23:42'),(77,60,38,'Seres Mix 2024 2022',13771302.00,2022,46502,'Гибрид',2.3,541,'Робот','Задний','Минивэн','Чёрный','Мощная турбочетвёрка и полный привод.','xpeng_g9_g.jpg',1,0,'2025-06-01 18:23:42'),(78,62,17,'Changan ET7 2024 2022',13774664.00,2022,58343,'Гибрид',2.0,316,'Автомат','Полный 4WD','Купе','Серый','Электромобиль нового поколения.','xpeng_p5.jpg',1,1,'2025-04-23 18:23:42'),(79,52,7,'BYD H9 Plus 2023',9164129.00,2023,21025,'Дизель',1.3,673,'Автомат','Полный 4WD','Хэтчбек','Серебристый','Отличный выбор для городской езды.','xpeng_p7.jpg',1,0,'2025-03-09 18:23:42'),(80,59,23,'Tank 8S 2024 2023',8013275.00,2023,59607,'Бензин',1.4,323,'Робот','Полный 4WD','Внедорожник','Белый','Отличный выбор для городской езды.','zeekr_001.jpg',1,0,'2025-07-03 18:23:42'),(81,56,25,'Roewe DX9 MPV 2024',6468981.00,2024,28536,'Гибрид (PHEV)',2.2,405,'Робот','Задний','Купе','Серый','Компактный городской автомобиль.','zeekr_7x.jpg',1,0,'2025-05-08 18:23:42'),(82,59,26,'MG Eado EV 2024',13254474.00,2024,19750,'Электро',NULL,542,'Робот','Задний','Купе','Красный','Флагманская модель с передовыми технологиями.','1771690222_2256cbc7.jpg',1,0,'2025-09-20 18:23:42'),(83,63,33,'Denza iMAX8 2023',6536992.00,2023,26556,'Гибрид',1.4,651,'Вариатор','Передний','Кроссовер','Серый','Гибридная система экономит до 70pct топлива.','1771690222_835cbd96.jpg',1,0,'2025-03-28 18:23:42'),(84,58,16,'BAIC C11 EV 2024',14293685.00,2024,56218,'Электро',NULL,563,'Вариатор','Передний','Седан','Серый','Флагманская модель с передовыми технологиями.','1771690222_89b1a064.jpg',1,0,'2026-02-28 18:23:42'),(85,64,43,'Ora 06 2024 2023',8523022.00,2023,49362,'Бензин',1.5,587,'Вариатор','Задний','Кроссовер','Белый','Премиальный интерьер и массажные кресла.','1771690222_f0604c63.jpg',1,0,'2025-05-10 18:23:42'),(86,60,4,'Chery 06 2024 2022',8062374.00,2022,10905,'Дизель',1.2,469,'Робот','Передний','Кроссовер','Белый','Отличный выбор для городской езды.','3r2f14241423.jpg',1,0,'2026-01-01 18:23:42'),(87,58,27,'Foton Atto 3 2023',10912643.00,2023,45596,'Гибрид (PHEV)',1.8,431,'Вариатор','Передний','Внедорожник','Чёрный','Премиальный интерьер и массажные кресла.','3rwgws32t4t224.jpg',1,0,'2025-08-21 18:23:42'),(88,52,37,'Deepal Galaxy L7 2022',8232351.00,2022,36179,'Бензин',1.3,278,'Автомат','Передний','Хэтчбек','Синий','Флагманская модель с передовыми технологиями.','3tsg4y6532sdfg.jpg',1,0,'2025-09-27 18:23:42'),(89,65,33,'Denza 06 2024 2022',1578665.00,2022,5872,'Электро',NULL,199,'Вариатор','Передний','Универсал','Серебристый','Электромобиль нового поколения.','aiways_u5.jpg',1,0,'2025-07-27 18:23:42'),(90,62,4,'Chery Monjaro 2022',13398797.00,2022,34211,'Гибрид',2.1,484,'Робот','Полный 4WD','Универсал','Серый','Мощная турбочетвёрка и полный привод.','audi_a4_1772865631.jpg',1,0,'2025-09-29 18:23:42'),(91,53,15,'Dongfeng Tang EV 2024',13151320.00,2024,22684,'Электро',NULL,616,'Вариатор','Задний','Внедорожник','Белый','Мощная турбочетвёрка и полный привод.','audi_a6_1772865634.jpg',1,0,'2025-05-25 18:23:42'),(92,52,25,'Roewe Preface 2022',3883519.00,2022,28805,'Гибрид (PHEV)',2.0,598,'Автомат','Задний','Минивэн','Серый','Отличный выбор для городской езды.','audi_q5_1772865632.jpg',1,0,'2025-11-13 18:23:42'),(93,63,16,'BAIC 500 Hi4-T 2024',4735903.00,2024,23502,'Гибрид (PHEV)',1.6,633,'Автомат','Задний','Кроссовер','Серый','Мощная турбочетвёрка и полный привод.','bmw_3series_1772865628.jpg',1,0,'2025-05-21 18:23:42'),(94,63,7,'BYD Good Cat 2024',13204773.00,2024,12764,'Гибрид',2.6,619,'Автомат','Задний','Внедорожник','Серебристый','Мощная турбочетвёрка и полный привод.','bmw_x3_1772865629.jpg',1,0,'2026-01-08 18:23:42'),(95,58,21,'Zeekr T77 Pro 2024',7707110.00,2024,29848,'Гибрид (PHEV)',1.0,250,'Вариатор','Полный 4WD','Универсал','Серебристый','Отличный выбор для городской езды.','bmw_x5_1772865626.jpg',1,0,'2025-03-23 18:23:42'),(96,61,18,'Lynk X9 MPV 2022',9632940.00,2022,19323,'Гибрид',2.8,584,'Робот','Передний','Седан','Серебристый','Отличный выбор для городской езды.','byd_atto.jpg',1,0,'2025-03-08 18:23:42'),(97,63,25,'Roewe G6 2024 2023',1572920.00,2023,25547,'Бензин',2.3,174,'Робот','Передний','Купе','Серебристый','Гибридная система экономит до 70pct топлива.','byd_dolphin.jpg',1,0,'2026-01-15 18:23:42'),(98,61,17,'Changan D9 MPV 2023',9269038.00,2023,10968,'Гибрид (PHEV)',2.6,350,'Автомат','Задний','Кроссовер','Синий','Флагманская модель с передовыми технологиями.','byd_han_1772865652.jpg',1,0,'2025-08-04 18:23:42'),(99,64,39,'Leapmotor 06 2024 2023',8369017.00,2023,30377,'Гибрид',1.6,352,'Вариатор','Передний','Внедорожник','Чёрный','Премиальный интерьер и массажные кресла.','byd_han_ev.jpg',1,0,'2026-01-14 18:23:42'),(100,58,28,'JAC JS4 EV 2024',3409168.00,2024,13333,'Гибрид',2.8,113,'Вариатор','Полный 4WD','Хэтчбек','Белый','Отличный выбор для городской езды.','byd_han_g.jpg',1,0,'2026-01-30 18:23:42'),(101,60,40,'WEY Cyberster 2022',8936107.00,2022,18484,'Гибрид (PHEV)',2.5,582,'Вариатор','Передний','Универсал','Серый','Компактный городской автомобиль.','byd_seal.jpg',1,0,'2025-06-08 18:23:42'),(102,61,18,'Lynk ET9 2024 2022',8481621.00,2022,8439,'Гибрид',1.3,405,'Робот','Полный 4WD','Внедорожник','Серебристый','Мощная турбочетвёрка и полный привод.','byd_seal_u.jpg',1,0,'2025-04-19 18:23:42'),(103,64,33,'Denza T90 Pickup 2023',6955993.00,2023,17343,'Гибрид (PHEV)',2.4,518,'Автомат','Полный 4WD','Минивэн','Серебристый','Надёжный внедорожник для любых дорог.','byd_song_1772865651.jpg',1,0,'2025-12-29 18:23:42'),(104,56,37,'Deepal P7 Wing 2022',2447587.00,2022,28019,'Гибрид (PHEV)',1.7,499,'Вариатор','Задний','Кроссовер','Белый','Гибридная система экономит до 70pct топлива.','byd_song_orig.jpg',1,0,'2025-09-07 18:23:42'),(105,52,11,'Xpeng EX5 EV 2024',13217119.00,2024,49809,'Гибрид (PHEV)',1.5,486,'Автомат','Передний','Хэтчбек','Синий','Надёжный внедорожник для любых дорог.','changan_unit_g.jpg',1,0,'2025-04-02 18:23:42'),(106,53,13,'GAC H9 4WD 2022',11282591.00,2022,27444,'Дизель',2.0,518,'Вариатор','Передний','Внедорожник','Серебристый','Отличный выбор для городской езды.','chery_tiggo7_1772865640.jpg',1,0,'2025-09-26 18:23:42'),(107,63,13,'GAC M7 Ultra 2023',6857969.00,2023,26463,'Электро',NULL,494,'Автомат','Передний','Универсал','Синий','Мощная турбочетвёрка и полный привод.','chery_tiggo7_orig.jpg',1,0,'2025-04-18 18:23:42'),(108,50,21,'Zeekr G6 2024 2022',7801239.00,2022,43567,'Гибрид (PHEV)',2.7,143,'Автомат','Передний','Внедорожник','Красный','Отличный выбор для городской езды.','chery_tiggo8_1772865642.jpg',1,0,'2025-03-11 18:23:42'),(109,50,22,'Voyah P7 Wing 2022',11677213.00,2022,34771,'Гибрид (PHEV)',1.8,446,'Автомат','Передний','Купе','Серый','Отличный выбор для городской езды.','chery_tiggo8_g.jpg',1,0,'2025-08-27 18:23:42'),(110,60,42,'Maxus Sea Lion 2023',5315249.00,2023,891,'Гибрид',2.4,474,'Автомат','Передний','Кроссовер','Серебристый','Премиальный интерьер и массажные кресла.','depositphotos_30058785-stock-photo-car-on-an-offroad-track.jpg',1,0,'2025-07-11 18:23:42'),(111,60,34,'Aiways Arrizo 8 2024',5630022.00,2024,41971,'Гибрид (PHEV)',1.4,570,'Вариатор','Полный 4WD','Кроссовер','Белый','Флагманская модель с передовыми технологиями.','geely_coolray_1772865648.jpg',1,0,'2025-03-25 18:23:42'),(112,63,40,'WEY EU7 EV 2024',10848693.00,2024,8069,'Гибрид',1.4,338,'Автомат','Задний','Минивэн','Синий','Компактный городской автомобиль.','geely_coolray_orig.jpg',1,0,'2025-09-20 18:23:42'),(113,56,17,'Changan Atto 3 2023',4034606.00,2023,32873,'Дизель',1.1,502,'Автомат','Полный 4WD','Универсал','Красный','Гибридная система экономит до 70pct топлива.','geely_monjaro_1772865649.jpg',1,0,'2025-09-26 18:23:42'),(114,52,27,'Foton U5 2024 2022',1528388.00,2022,49607,'Дизель',1.1,154,'Вариатор','Передний','Минивэн','Чёрный','Гибридная система экономит до 70pct топлива.','geely_monjaro_g.jpg',1,0,'2025-05-13 18:23:42'),(115,64,39,'Leapmotor EX5 EV 2024',4834503.00,2024,33931,'Электро',NULL,243,'Автомат','Полный 4WD','Седан','Синий','Электромобиль нового поколения.','haval_dargo_1772865646.jpg',1,0,'2025-09-05 18:23:42'),(116,50,41,'Haima Alpha S 2022',9999071.00,2022,10684,'Гибрид',2.2,447,'Автомат','Задний','Внедорожник','Красный','Спортивный характер и динамичный дизайн.','haval_f7_1772865645.jpg',1,0,'2025-06-09 18:23:42'),(117,52,28,'JAC JS4 EV 2024',6166749.00,2024,15742,'Бензин',1.5,369,'Вариатор','Передний','Универсал','Чёрный','Премиальный интерьер и массажные кресла.','haval_h9_g.jpg',1,0,'2026-02-11 18:23:42'),(118,57,17,'Changan Cyberster 2023',8527705.00,2023,19358,'Электро',NULL,499,'Робот','Задний','Минивэн','Чёрный','Премиальный интерьер и массажные кресла.','haval_jolion_1772865643.jpg',1,0,'2025-10-14 18:23:42'),(119,59,26,'MG Dargo 2024 2023',9644024.00,2023,21615,'Гибрид (PHEV)',1.3,286,'Автомат','Передний','Универсал','Серый','Мощная турбочетвёрка и полный привод.','haval_jolion_orig.jpg',1,0,'2026-02-16 18:23:42'),(120,61,41,'Haima 06 2024 2022',2679295.00,2022,51973,'Гибрид',1.4,495,'Автомат','Задний','Минивэн','Синий','Спортивный характер и динамичный дизайн.','hongqi_h9_g.jpg',1,0,'2025-12-19 18:23:42'),(121,61,23,'Tank Emgrand 2024',13048916.00,2024,41191,'Электро',NULL,238,'Вариатор','Передний','Кроссовер','Серый','Отличный выбор для городской езды.','imagesgdbdgeg4.jpg',1,0,'2025-09-14 18:23:42'),(122,57,32,'FAW C5 2024 2023',7690532.00,2023,20231,'Электро',NULL,278,'Автомат','Полный 4WD','Минивэн','Чёрный','Семейный автомобиль с большим багажником.','leapmotor_t03.jpg',1,0,'2026-01-04 18:23:42'),(123,65,25,'Roewe 8S 2024 2024',11588242.00,2024,21957,'Бензин',1.4,161,'Автомат','Передний','Кроссовер','Белый','Компактный городской автомобиль.','li_l9_g.jpg',1,0,'2025-07-01 18:23:42'),(124,65,41,'Haima Aion V 2022',10239966.00,2022,50896,'Гибрид',2.4,244,'Вариатор','Полный 4WD','Кроссовер','Чёрный','Надёжный внедорожник для любых дорог.','lynkco_09_g.jpg',1,1,'2025-04-29 18:23:42'),(125,62,22,'Voyah Galaxy L7 2023',13501759.00,2023,28382,'Гибрид (PHEV)',2.3,478,'Вариатор','Полный 4WD','Кроссовер','Синий','Семейный автомобиль с большим багажником.','mitsubishi_ecl_1772865639.jpg',1,0,'2025-03-27 18:23:42'),(126,61,12,'Lixiang L8 Max 2023',14283908.00,2023,9452,'Электро',NULL,154,'Автомат','Полный 4WD','Внедорожник','Синий','Компактный городской автомобиль.','mitsubishi_out_1772865635.jpg',1,1,'2026-03-06 18:23:42'),(127,63,41,'Haima T77 Pro 2024',2378147.00,2024,45415,'Бензин',2.2,361,'Автомат','Полный 4WD','Хэтчбек','Белый','Спортивный характер и динамичный дизайн.','mitsubishi_paj_1772865637.jpg',1,0,'2025-10-08 18:23:42'),(128,60,7,'BYD Ballet Cat 2022',11686127.00,2022,6624,'Электро',NULL,659,'Вариатор','Передний','Купе','Белый','Флагманская модель с передовыми технологиями.','nio_el6.jpg',1,0,'2025-06-02 18:23:42'),(129,56,28,'JAC L07 EV 2024',13315655.00,2024,57233,'Бензин',1.5,253,'Вариатор','Передний','Кроссовер','Чёрный','Мощная турбочетвёрка и полный привод.','nio_et5.jpg',1,0,'2025-11-25 18:23:42'),(130,57,27,'Foton BJ60 2023',6488168.00,2023,31882,'Гибрид',1.3,642,'Автомат','Задний','Хэтчбек','Красный','Флагманская модель с передовыми технологиями.','nio_et7.jpg',1,0,'2026-01-11 18:23:42'),(131,63,45,'Omoda L9 Max 2024',12627917.00,2024,57140,'Гибрид',1.0,683,'Робот','Задний','Седан','Чёрный','Гибридная система экономит до 70pct топлива.','nio_et7_g.jpg',1,0,'2026-01-26 18:23:42'),(132,61,43,'Ora DX9 MPV 2024',4139011.00,2024,20926,'Дизель',1.8,597,'Робот','Задний','Седан','Серый','Надёжный внедорожник для любых дорог.','photo_2026-03-08_02-39-03.jpg',1,1,'2025-05-11 18:23:42'),(133,62,45,'Omoda RX8 2024 2022',11422974.00,2022,58879,'Гибрид',1.1,400,'Автомат','Задний','Внедорожник','Серебристый','Отличный выбор для городской езды.','photo_2026-03-08_02-39-04 (2).jpg',1,1,'2025-07-23 18:23:42'),(134,50,28,'JAC MEGA MPV 2022',11511289.00,2022,32367,'Дизель',2.3,255,'Робот','Задний','Купе','Синий','Флагманская модель с передовыми технологиями.','photo_2026-03-08_02-39-04.jpg',1,1,'2025-08-19 18:23:42'),(135,52,10,'Nio Uni-V 2023',12899735.00,2023,26575,'Гибрид',2.7,426,'Робот','Передний','Хэтчбек','Чёрный','Спортивный характер и динамичный дизайн.','photo_2026-03-08_02-39-06.jpg',1,0,'2025-03-27 18:23:42'),(136,60,13,'GAC Uni-V 2023',6404408.00,2023,29870,'Дизель',2.3,564,'Вариатор','Передний','Кроссовер','Чёрный','Семейный автомобиль с большим багажником.','photo_2026-03-08_02-39-07.jpg',1,0,'2026-03-05 18:23:42'),(137,53,11,'Xpeng Sea Lion 2023',13347861.00,2023,21001,'Гибрид (PHEV)',2.3,236,'Вариатор','Полный 4WD','Хэтчбек','Белый','Мощная турбочетвёрка и полный привод.','photo_2026-03-08_02-39-08 (2).jpg',1,0,'2025-05-20 18:23:42'),(138,61,43,'Ora Emgrand 2023',12053042.00,2023,58138,'Электро',NULL,403,'Вариатор','Задний','Купе','Белый','Мощная турбочетвёрка и полный привод.','photo_2026-03-08_02-39-08.jpg',1,0,'2025-09-24 18:23:42'),(139,52,23,'Tank 09 PHEV 2023',2075407.00,2023,38139,'Бензин',1.1,466,'Робот','Полный 4WD','Минивэн','Белый','Компактный городской автомобиль.','photo_2026-03-08_02-39-09.jpg',1,1,'2026-03-03 18:23:42'),(140,57,34,'Aiways BJ40 Plus 2023',5425875.00,2023,41829,'Гибрид (PHEV)',2.6,357,'Робот','Передний','Универсал','Чёрный','Семейный автомобиль с большим багажником.','photo_2026-03-08_02-39-10.jpg',1,0,'2025-05-25 18:23:42'),(141,64,23,'Tank C11 EV 2022',7844484.00,2022,41885,'Гибрид (PHEV)',2.7,369,'Автомат','Задний','Универсал','Серый','Мощная турбочетвёрка и полный привод.','photo_2026-03-08_02-39-29.jpg',1,0,'2026-02-20 18:23:42'),(142,52,39,'Leapmotor EX5 EV 2023',13800035.00,2023,43343,'Электро',NULL,351,'Робот','Полный 4WD','Кроссовер','Серебристый','Гибридная система экономит до 70pct топлива.','rq3rfvsvtgs4t33.jpg',1,0,'2025-04-27 18:23:42'),(143,53,21,'Zeekr EL7 EV 2022',8991163.00,2022,55649,'Электро',NULL,373,'Робот','Передний','Кроссовер','Красный','Спортивный характер и динамичный дизайн.','sfge54gsd4gd.jpg',1,0,'2025-05-27 18:23:42'),(144,52,25,'Roewe EL7 EV 2022',6911117.00,2022,19937,'Гибрид',1.7,586,'Вариатор','Передний','Седан','Красный','Электромобиль нового поколения.','tank_300_g.jpg',1,0,'2025-06-30 18:23:42'),(145,52,25,'Roewe Coolray 2022',7949175.00,2022,49007,'Бензин',2.6,318,'Робот','Задний','Внедорожник','Чёрный','Флагманская модель с передовыми технологиями.','voyah_free.jpg',1,0,'2025-12-02 18:23:42'),(146,53,33,'Denza Coolray 2022',2385574.00,2022,27081,'Гибрид (PHEV)',1.5,153,'Вариатор','Полный 4WD','Хэтчбек','Белый','Компактный городской автомобиль.','voyah_free_g.jpg',1,0,'2025-03-26 18:23:42'),(147,50,34,'Aiways J7 Sedan 2024',2191792.00,2024,20583,'Дизель',2.3,528,'Автомат','Задний','Купе','Чёрный','Премиальный интерьер и массажные кресла.','xpeng_g6.jpg',1,1,'2025-06-27 18:23:42'),(148,50,33,'Denza JS4 EV 2023',6039474.00,2023,59865,'Электро',NULL,266,'Робот','Задний','Хэтчбек','Чёрный','Отличный выбор для городской езды.','xpeng_g9.jpg',1,1,'2025-03-14 18:23:42'),(149,52,38,'Seres Arrizo 8 2022',1754581.00,2022,56720,'Бензин',1.0,119,'Вариатор','Задний','Хэтчбек','Серый','Компактный городской автомобиль.','xpeng_g9_g.jpg',1,0,'2025-08-27 18:23:42'),(150,64,25,'Roewe J7 Sedan 2023',12413541.00,2023,22519,'Электро',NULL,138,'Робот','Задний','Хэтчбек','Серый','Надёжный внедорожник для любых дорог.','xpeng_p5.jpg',1,0,'2025-05-19 18:23:42'),(151,52,24,'Hongqi Uni-T 2023',3670221.00,2023,13312,'Дизель',2.8,632,'Робот','Передний','Купе','Синий','Премиальный интерьер и массажные кресла.','xpeng_p7.jpg',1,0,'2025-05-21 18:23:42'),(152,56,21,'Zeekr G6 2024 2023',9660319.00,2023,22115,'Бензин',2.2,137,'Вариатор','Передний','Минивэн','Чёрный','Гибридная система экономит до 70pct топлива.','zeekr_001.jpg',1,0,'2025-07-29 18:23:42'),(153,63,5,'Haval Song Plus 2023',10539786.00,2023,13480,'Электро',NULL,622,'Автомат','Передний','Кроссовер','Белый','Семейный автомобиль с большим багажником.','zeekr_7x.jpg',1,0,'2025-06-24 18:23:42'),(154,63,42,'Maxus Arrizo 8 2024',1789683.00,2024,33908,'Электро',NULL,149,'Автомат','Полный 4WD','Универсал','Серебристый','Флагманская модель с передовыми технологиями.','1771690222_2256cbc7.jpg',1,0,'2026-02-05 18:23:42'),(155,57,38,'Seres BJ60 2024',6705190.00,2024,27016,'Электро',NULL,602,'Вариатор','Передний','Седан','Чёрный','Спортивный характер и динамичный дизайн.','1771690222_835cbd96.jpg',1,0,'2025-10-15 18:23:42'),(156,62,45,'Omoda G9 Ultra 2024',8103246.00,2024,38091,'Дизель',1.2,664,'Вариатор','Полный 4WD','Седан','Серый','Гибридная система экономит до 70pct топлива.','1771690222_89b1a064.jpg',1,0,'2025-06-21 18:23:42'),(157,58,25,'Roewe C5 2024 2024',14253644.00,2024,53180,'Дизель',1.3,563,'Автомат','Передний','Седан','Синий','Мощная турбочетвёрка и полный привод.','1771690222_f0604c63.jpg',1,0,'2025-07-19 18:23:42'),(158,57,18,'Lynk L8 Max 2022',1811494.00,2022,55853,'Дизель',2.7,439,'Робот','Передний','Минивэн','Серебристый','Премиальный интерьер и массажные кресла.','3r2f14241423.jpg',1,0,'2025-06-03 18:23:42'),(159,59,4,'Chery 001 FR 2024',4542118.00,2024,42638,'Дизель',2.4,271,'Автомат','Задний','Купе','Серебристый','Компактный городской автомобиль.','3rwgws32t4t224.jpg',1,0,'2025-08-24 18:23:42'),(160,63,22,'Voyah G9 Ultra 2023',2023155.00,2023,12364,'Гибрид',1.5,568,'Робот','Полный 4WD','Купе','Серый','Электромобиль нового поколения.','3tsg4y6532sdfg.jpg',1,0,'2025-10-15 18:23:42'),(161,63,43,'Ora ET9 2024 2024',7219321.00,2024,40852,'Дизель',1.1,194,'Вариатор','Передний','Универсал','Красный','Электромобиль нового поколения.','aiways_u5.jpg',1,0,'2026-02-12 18:23:42'),(162,59,45,'Omoda Aion S 2023',6228090.00,2023,49720,'Дизель',2.5,168,'Автомат','Задний','Кроссовер','Синий','Семейный автомобиль с большим багажником.','audi_a4_1772865631.jpg',1,0,'2026-02-09 18:23:42'),(163,64,17,'Changan Song Plus 2024',12923612.00,2024,38620,'Электро',NULL,644,'Робот','Задний','Минивэн','Серебристый','Флагманская модель с передовыми технологиями.','audi_a6_1772865634.jpg',1,0,'2025-06-20 18:23:42'),(164,56,13,'GAC U5 2024 2024',6219919.00,2024,38620,'Гибрид (PHEV)',2.5,645,'Робот','Полный 4WD','Минивэн','Синий','Надёжный внедорожник для любых дорог.','audi_q5_1772865632.jpg',1,0,'2025-07-08 18:23:42'),(165,61,42,'Maxus X 2024 2022',11772370.00,2022,44037,'Гибрид (PHEV)',1.6,443,'Вариатор','Передний','Универсал','Серый','Семейный автомобиль с большим багажником.','bmw_3series_1772865628.jpg',1,0,'2025-09-01 18:23:42'),(166,57,40,'WEY Jolion Pro 2022',7874578.00,2022,3636,'Гибрид (PHEV)',2.3,620,'Робот','Передний','Внедорожник','Красный','Мощная турбочетвёрка и полный привод.','bmw_x3_1772865629.jpg',1,0,'2025-09-21 18:23:42'),(167,58,33,'Denza ET7 2024 2022',13564420.00,2022,53519,'Бензин',2.6,157,'Вариатор','Передний','Купе','Чёрный','Электромобиль нового поколения.','bmw_x5_1772865626.jpg',1,0,'2025-05-19 18:23:42'),(168,56,45,'Omoda Tang EV 2024',3133092.00,2024,23737,'Дизель',2.6,333,'Вариатор','Полный 4WD','Седан','Чёрный','Отличный выбор для городской езды.','byd_atto.jpg',1,1,'2025-08-20 18:23:42'),(169,63,18,'Lynk P7 Wing 2023',5189574.00,2023,37714,'Гибрид (PHEV)',2.7,590,'Робот','Передний','Купе','Синий','Гибридная система экономит до 70pct топлива.','byd_dolphin.jpg',1,0,'2025-04-12 18:23:42'),(170,63,45,'Omoda MEGA MPV 2023',5272485.00,2023,8004,'Дизель',1.1,284,'Вариатор','Задний','Минивэн','Синий','Надёжный внедорожник для любых дорог.','byd_han_1772865652.jpg',1,0,'2025-10-30 18:23:42'),(171,61,25,'Roewe J7 Sedan 2023',3944418.00,2023,50485,'Дизель',1.0,247,'Вариатор','Полный 4WD','Универсал','Белый','Спортивный характер и динамичный дизайн.','byd_han_ev.jpg',1,0,'2025-07-23 18:23:42'),(172,60,24,'Hongqi Coolray 2023',6931713.00,2023,57727,'Дизель',2.0,370,'Робот','Задний','Хэтчбек','Синий','Мощная турбочетвёрка и полный привод.','byd_han_g.jpg',1,0,'2025-06-13 18:23:42'),(173,59,5,'Haval Dargo 2024 2023',7520015.00,2023,34642,'Гибрид (PHEV)',2.7,238,'Вариатор','Полный 4WD','Внедорожник','Белый','Спортивный характер и динамичный дизайн.','byd_seal.jpg',1,0,'2025-09-07 18:23:42'),(174,57,22,'Voyah EL7 EV 2023',1803121.00,2023,59121,'Дизель',1.2,533,'Автомат','Полный 4WD','Минивэн','Серый','Электромобиль нового поколения.','byd_seal_u.jpg',1,0,'2026-01-07 18:23:42'),(175,63,5,'Haval EL7 EV 2024',8977905.00,2024,25916,'Гибрид',2.4,696,'Робот','Полный 4WD','Купе','Красный','Отличный выбор для городской езды.','byd_song_1772865651.jpg',1,0,'2025-06-23 18:23:42'),(176,61,33,'Denza X 2024 2023',9968437.00,2023,9764,'Гибрид (PHEV)',2.4,244,'Робот','Полный 4WD','Внедорожник','Синий','Надёжный внедорожник для любых дорог.','byd_song_orig.jpg',1,0,'2025-12-19 18:23:42'),(177,65,45,'Omoda RX8 2024 2024',4276471.00,2024,35706,'Гибрид',2.4,361,'Вариатор','Полный 4WD','Купе','Чёрный','Гибридная система экономит до 70pct топлива.','changan_unit_g.jpg',1,0,'2025-07-27 18:23:42'),(178,50,41,'Haima BJ60 2023',3264503.00,2023,9534,'Гибрид (PHEV)',2.1,152,'Автомат','Передний','Кроссовер','Чёрный','Гибридная система экономит до 70pct топлива.','chery_tiggo7_1772865640.jpg',1,0,'2025-07-02 18:23:42'),(179,63,15,'Dongfeng Icon 2024 2024',13718461.00,2024,47165,'Электро',NULL,569,'Вариатор','Передний','Кроссовер','Белый','Премиальный интерьер и массажные кресла.','chery_tiggo7_orig.jpg',1,0,'2025-09-14 18:23:42'),(180,53,23,'Tank F7x Coupe 2022',9680609.00,2022,21129,'Дизель',1.5,236,'Робот','Полный 4WD','Внедорожник','Красный','Флагманская модель с передовыми технологиями.','chery_tiggo8_1772865642.jpg',1,0,'2025-09-07 18:23:42'),(181,63,43,'Ora M7 Ultra 2022',10009410.00,2022,26289,'Электро',NULL,128,'Робот','Передний','Седан','Серый','Отличный выбор для городской езды.','chery_tiggo8_g.jpg',1,0,'2025-05-26 18:23:42'),(182,53,32,'FAW B70 2024 2023',5506235.00,2023,51497,'Бензин',2.1,547,'Автомат','Задний','Купе','Серебристый','Отличный выбор для городской езды.','depositphotos_30058785-stock-photo-car-on-an-offroad-track.jpg',1,0,'2025-10-30 18:23:42'),(183,57,23,'Tank JS4 EV 2022',12186566.00,2022,8221,'Бензин',2.1,406,'Вариатор','Передний','Универсал','Серебристый','Мощная турбочетвёрка и полный привод.','geely_coolray_1772865648.jpg',1,0,'2025-04-10 18:23:42'),(184,60,6,'Geely 001 FR 2022',12648387.00,2022,14813,'Бензин',1.4,616,'Робот','Передний','Внедорожник','Чёрный','Семейный автомобиль с большим багажником.','geely_coolray_orig.jpg',1,0,'2025-03-29 18:23:42'),(185,57,4,'Chery iMAX8 2022',7757287.00,2022,50140,'Дизель',2.7,269,'Робот','Передний','Универсал','Серебристый','Отличный выбор для городской езды.','geely_monjaro_1772865649.jpg',1,0,'2025-12-05 18:23:42'),(186,57,6,'Geely Jolion Pro 2024',8579692.00,2024,39558,'Гибрид (PHEV)',2.0,226,'Робот','Задний','Кроссовер','Чёрный','Компактный городской автомобиль.','geely_monjaro_g.jpg',1,0,'2025-05-04 18:23:42'),(187,61,32,'FAW RX8 2024 2024',1938291.00,2024,12915,'Дизель',2.7,148,'Робот','Полный 4WD','Хэтчбек','Красный','Надёжный внедорожник для любых дорог.','haval_dargo_1772865646.jpg',1,1,'2025-10-03 18:23:42'),(188,58,12,'Lixiang X 2024 2024',2580762.00,2024,39001,'Электро',NULL,395,'Робот','Передний','Минивэн','Синий','Электромобиль нового поколения.','haval_f7_1772865645.jpg',1,1,'2025-06-01 18:23:42'),(189,60,24,'Hongqi C11 EV 2022',10645607.00,2022,40315,'Бензин',2.1,144,'Автомат','Задний','Универсал','Белый','Спортивный характер и динамичный дизайн.','haval_h9_g.jpg',1,0,'2025-09-13 18:23:42'),(190,52,13,'GAC Tang EV 2023',10204062.00,2023,39076,'Гибрид (PHEV)',2.1,377,'Робот','Полный 4WD','Седан','Синий','Флагманская модель с передовыми технологиями.','haval_jolion_1772865643.jpg',1,0,'2026-01-05 18:23:42'),(191,61,6,'Geely 007 GT 2023',9961299.00,2023,39783,'Гибрид (PHEV)',2.1,382,'Автомат','Передний','Внедорожник','Синий','Спортивный характер и динамичный дизайн.','haval_jolion_orig.jpg',1,0,'2025-04-03 18:23:42'),(192,62,45,'Omoda 06 2024 2024',13829478.00,2024,16659,'Гибрид',1.8,350,'Робот','Передний','Универсал','Белый','Мощная турбочетвёрка и полный привод.','hongqi_h9_g.jpg',1,0,'2025-09-01 18:23:42'),(193,53,34,'Aiways BJ60 2022',9723384.00,2022,25476,'Гибрид (PHEV)',2.3,285,'Автомат','Передний','Кроссовер','Синий','Гибридная система экономит до 70pct топлива.','imagesgdbdgeg4.jpg',1,0,'2025-03-20 18:23:42'),(194,53,33,'Denza Tang EV 2023',11921473.00,2023,45735,'Гибрид (PHEV)',2.0,612,'Автомат','Передний','Минивэн','Белый','Компактный городской автомобиль.','leapmotor_t03.jpg',1,1,'2025-12-28 18:23:42'),(195,64,27,'Foton Ballet Cat 2022',4077242.00,2022,26252,'Электро',NULL,220,'Вариатор','Полный 4WD','Купе','Серый','Премиальный интерьер и массажные кресла.','li_l9_g.jpg',1,0,'2025-06-28 18:23:42'),(196,61,24,'Hongqi F7x Coupe 2024',10522928.00,2024,16345,'Электро',NULL,432,'Робот','Передний','Купе','Серый','Компактный городской автомобиль.','lynkco_09_g.jpg',1,0,'2025-09-23 18:23:42'),(197,60,22,'Voyah Tiggo 4 Pro 2023',11281149.00,2023,20250,'Электро',NULL,148,'Робот','Передний','Кроссовер','Серебристый','Флагманская модель с передовыми технологиями.','mitsubishi_ecl_1772865639.jpg',1,0,'2025-09-20 18:23:42'),(198,52,6,'Geely DX9 MPV 2023',14227948.00,2023,4738,'Гибрид (PHEV)',2.0,497,'Вариатор','Передний','Внедорожник','Чёрный','Флагманская модель с передовыми технологиями.','mitsubishi_out_1772865635.jpg',1,1,'2026-02-13 18:23:42'),(199,62,11,'Xpeng DX9 MPV 2024',9473356.00,2024,55716,'Бензин',2.7,284,'Автомат','Задний','Универсал','Серый','Электромобиль нового поколения.','mitsubishi_paj_1772865637.jpg',1,0,'2025-08-08 18:23:42'),(200,61,24,'Hongqi Eado EV 2024',6075212.00,2024,56609,'Бензин',2.3,450,'Вариатор','Полный 4WD','Универсал','Красный','Надёжный внедорожник для любых дорог.','nio_el6.jpg',1,0,'2026-02-24 18:23:42'),(201,60,23,'Tank Aion V 2022',14578577.00,2022,44324,'Электро',NULL,237,'Вариатор','Передний','Минивэн','Красный','Флагманская модель с передовыми технологиями.','nio_et5.jpg',1,0,'2026-01-29 18:23:42'),(202,58,26,'MG Cyberster 2024',2356687.00,2024,53637,'Электро',NULL,294,'Вариатор','Задний','Седан','Белый','Электромобиль нового поколения.','nio_et7.jpg',1,0,'2025-07-27 18:23:42'),(203,65,22,'Voyah 300 HEV 2022',4837961.00,2022,50126,'Бензин',1.8,480,'Вариатор','Полный 4WD','Минивэн','Красный','Гибридная система экономит до 70pct топлива.','nio_et7_g.jpg',1,0,'2025-03-17 18:23:42'),(204,58,13,'GAC Sehol EX 2023',12199633.00,2023,59088,'Бензин',1.2,127,'Робот','Задний','Универсал','Синий','Мощная турбочетвёрка и полный привод.','photo_2026-03-08_02-39-03.jpg',1,0,'2025-06-11 18:23:42'),(205,52,17,'Changan 06 2024 2022',11409469.00,2022,56373,'Электро',NULL,244,'Вариатор','Передний','Универсал','Серый','Отличный выбор для городской езды.','photo_2026-03-08_02-39-04 (2).jpg',1,0,'2026-01-07 18:23:42'),(206,63,25,'Roewe Boyue L 2022',9892380.00,2022,48686,'Бензин',1.3,670,'Вариатор','Передний','Купе','Белый','Спортивный характер и динамичный дизайн.','photo_2026-03-08_02-39-04.jpg',1,0,'2026-02-10 18:23:42'),(207,65,10,'Nio Song Plus 2024',5049548.00,2024,23289,'Электро',NULL,369,'Робот','Задний','Универсал','Чёрный','Мощная турбочетвёрка и полный привод.','photo_2026-03-08_02-39-06.jpg',1,0,'2025-09-15 18:23:42'),(208,60,42,'Maxus Aion LX 2022',4536514.00,2022,5410,'Дизель',1.4,694,'Робот','Передний','Универсал','Чёрный','Гибридная система экономит до 70pct топлива.','photo_2026-03-08_02-39-07.jpg',1,0,'2026-01-18 18:23:42'),(209,50,40,'WEY X9 MPV 2024',9522083.00,2024,16462,'Гибрид',2.4,493,'Автомат','Полный 4WD','Хэтчбек','Красный','Мощная турбочетвёрка и полный привод.','photo_2026-03-08_02-39-08 (2).jpg',1,0,'2025-06-27 18:23:42'),(210,58,21,'Zeekr 06 2024 2022',8342106.00,2022,55792,'Гибрид',1.4,379,'Робот','Передний','Хэтчбек','Синий','Отличный выбор для городской езды.','photo_2026-03-08_02-39-08.jpg',1,0,'2025-05-25 18:23:42'),(211,63,12,'Lixiang N7 PHEV 2023',13426729.00,2023,16777,'Гибрид (PHEV)',2.7,152,'Робот','Полный 4WD','Универсал','Чёрный','Спортивный характер и динамичный дизайн.','photo_2026-03-08_02-39-09.jpg',1,0,'2026-01-08 18:23:42'),(212,52,33,'Denza GT 7 2023',5993547.00,2023,16229,'Бензин',2.4,422,'Вариатор','Передний','Внедорожник','Синий','Электромобиль нового поколения.','photo_2026-03-08_02-39-10.jpg',1,0,'2025-12-22 18:23:42'),(213,53,12,'Lixiang Emgrand 2023',4678692.00,2023,40356,'Гибрид',2.2,380,'Робот','Передний','Внедорожник','Красный','Премиальный интерьер и массажные кресла.','photo_2026-03-08_02-39-29.jpg',1,0,'2025-07-18 18:23:42'),(214,60,27,'Foton Dargo 2024 2024',5469685.00,2024,32343,'Электро',NULL,444,'Робот','Задний','Хэтчбек','Белый','Компактный городской автомобиль.','rq3rfvsvtgs4t33.jpg',1,0,'2025-05-09 18:23:42'),(215,63,4,'Chery iMAX8 2023',5996304.00,2023,33024,'Гибрид (PHEV)',2.2,373,'Вариатор','Задний','Хэтчбек','Чёрный','Премиальный интерьер и массажные кресла.','sfge54gsd4gd.jpg',1,0,'2025-09-24 18:23:42'),(216,62,16,'BAIC X 2024 2023',14800084.00,2023,21617,'Бензин',1.0,161,'Робот','Полный 4WD','Седан','Чёрный','Гибридная система экономит до 70pct топлива.','tank_300_g.jpg',1,0,'2025-08-01 18:23:42'),(217,60,23,'Tank 009 Grand 2024',12056951.00,2024,53304,'Гибрид (PHEV)',2.2,592,'Робот','Задний','Внедорожник','Серый','Флагманская модель с передовыми технологиями.','voyah_free.jpg',1,1,'2025-08-05 18:23:42'),(218,61,37,'Deepal 8S 2024 2022',9597939.00,2022,3918,'Электро',NULL,185,'Вариатор','Передний','Седан','Чёрный','Гибридная система экономит до 70pct топлива.','voyah_free_g.jpg',1,1,'2025-11-19 18:23:42'),(219,58,10,'Nio EHS PHEV 2023',13470265.00,2023,27291,'Электро',NULL,647,'Вариатор','Задний','Внедорожник','Серый','Премиальный интерьер и массажные кресла.','xpeng_g6.jpg',1,0,'2025-05-10 18:23:42'),(220,64,41,'Haima H6 HEV 2022',3711471.00,2022,770,'Дизель',1.5,461,'Вариатор','Передний','Хэтчбек','Белый','Флагманская модель с передовыми технологиями.','xpeng_g9.jpg',1,1,'2025-04-13 18:23:42');
/*!40000 ALTER TABLE `cars` ENABLE KEYS */;
UNLOCK TABLES;

--
-- Table structure for table `comment_likes`
--

DROP TABLE IF EXISTS `comment_likes`;
/*!40101 SET @saved_cs_client     = @@character_set_client */;
/*!40101 SET character_set_client = utf8 */;
CREATE TABLE `comment_likes` (
  `id` int(11) NOT NULL AUTO_INCREMENT,
  `user_id` int(11) NOT NULL,
  `comment_id` int(11) NOT NULL,
  `created_at` timestamp NOT NULL DEFAULT current_timestamp(),
  PRIMARY KEY (`id`),
  UNIQUE KEY `unique_like` (`user_id`,`comment_id`),
  KEY `comment_id` (`comment_id`),
  CONSTRAINT `comment_likes_ibfk_1` FOREIGN KEY (`user_id`) REFERENCES `users` (`id`) ON DELETE CASCADE,
  CONSTRAINT `comment_likes_ibfk_2` FOREIGN KEY (`comment_id`) REFERENCES `comments` (`id`) ON DELETE CASCADE
) ENGINE=InnoDB AUTO_INCREMENT=7 DEFAULT CHARSET=utf8mb4 COLLATE=utf8mb4_general_ci;
/*!40101 SET character_set_client = @saved_cs_client */;

--
-- Dumping data for table `comment_likes`
--

LOCK TABLES `comment_likes` WRITE;
/*!40000 ALTER TABLE `comment_likes` DISABLE KEYS */;
INSERT INTO `comment_likes` VALUES (5,53,15,'2026-03-07 06:59:59'),(6,53,16,'2026-03-09 06:44:58');
/*!40000 ALTER TABLE `comment_likes` ENABLE KEYS */;
UNLOCK TABLES;

--
-- Table structure for table `comments`
--

DROP TABLE IF EXISTS `comments`;
/*!40101 SET @saved_cs_client     = @@character_set_client */;
/*!40101 SET character_set_client = utf8 */;
CREATE TABLE `comments` (
  `id` int(12) NOT NULL AUTO_INCREMENT,
  `status` tinyint(4) NOT NULL DEFAULT 0,
  `page` int(10) NOT NULL,
  `email` varchar(110) NOT NULL,
  `comment` text NOT NULL,
  `created_date` datetime NOT NULL DEFAULT current_timestamp(),
  `likes_count` int(11) DEFAULT 0,
  `likes` int(11) DEFAULT 0,
  `rating` tinyint(4) DEFAULT 5,
  PRIMARY KEY (`id`)
) ENGINE=InnoDB AUTO_INCREMENT=871 DEFAULT CHARSET=utf8 COLLATE=utf8_general_ci;
/*!40101 SET character_set_client = @saved_cs_client */;

--
-- Dumping data for table `comments`
--

LOCK TABLES `comments` WRITE;
/*!40000 ALTER TABLE `comments` DISABLE KEYS */;
INSERT INTO `comments` VALUES (15,1,1,'maria@yandex.ru','<p>Отличная машина! Брал на тест-драйв — впечатления супер. Салон просто&nbsp;</p>','2026-02-19 13:40:58',0,1,5),(16,1,2,'danil@gmail.com','Купил месяц назад, очень доволен. За эти деньги — лучший вариант на рынке. Рекомендую!','2026-02-23 13:40:58',0,1,5),(17,1,3,'maria@yandex.ru','Друг купил такую, катался у него — вау! Теперь сам думаю брать. Комплектация огонь ?','2026-02-11 13:40:58',0,0,5),(18,1,4,'maria@yandex.ru','Была на тест-драйве, покорила с первого взгляда. Дизайн потрясающий, едет уверенно.','2026-02-17 13:40:58',0,0,5),(19,1,5,'danil@gmail.com','Шикарное авто за свои деньги. Много электроники, камера 360, круиз — всё есть из коробки.','2026-02-24 13:40:58',0,0,5),(20,1,6,'danil@gmail.com','Уже 10 000 км проехал — ни одной поломки. Расход в городе вполне адекватный. Советую!','2026-02-28 13:40:58',0,0,5),(21,1,7,'alexey@mail.ru','Пересел с немца на этот авто и не жалею. Комплектация богаче, а цена в 2 раза ниже.','2026-02-18 13:40:58',0,0,5),(25,1,24,'sergei.speed@yandex.ru','Ездили на тест. Динамика хорошая, руль информативный. Подвеска мягкая.','2026-02-19 13:25:31',0,15,3),(26,1,24,'nazarov.andrei@yandex.ru','Отличный вариант для семьи! Багажник большой, посадка удобная для всех.','2026-02-04 10:25:31',0,6,4),(27,1,24,'kovalev.petr@mail.ru','Смотрел лично в салоне. Интерьер впечатляет, всё подогнано ровно.','2026-01-19 12:25:31',0,14,4),(28,1,24,'kovalev.petr@mail.ru','Зарядная инфраструктура в городе уже хорошая. У дома есть зарядка.','2026-01-01 11:25:31',0,32,4),(29,1,25,'ivan.avto@yandex.ru','Проехал 10000 км — никаких нареканий. Расход на трассе 5.2 л/100 км.','2025-11-20 14:25:31',0,22,3),(30,1,25,'nikolai.rider@inbox.ru','Зарядная инфраструктура в городе уже хорошая. У дома есть зарядка.','2026-01-18 04:25:31',0,42,4),(31,1,25,'dmitry.wheel@yandex.ru','5 звёзд от Euro NCAP. AEB работает — уже тормозил на пешехода автоматически.','2026-02-20 03:25:31',0,17,3),(32,1,25,'elena.auto@gmail.com','Заряжаю дома от розетки 220V. На 100 км уходит около 80 рублей.','2025-12-09 00:25:31',0,44,3),(33,1,25,'ivan.avto@yandex.ru','Ездили на тест. Динамика хорошая, руль информативный. Подвеска мягкая.','2025-11-23 19:25:31',0,22,3),(34,1,25,'maxim.china@gmail.com','За год эксплуатации ни одного похода в сервис кроме ТО. Надёжно!','2026-01-08 22:25:31',0,32,4),(35,1,29,'sergei.speed@yandex.ru','Заряжаю дома от розетки 220V. На 100 км уходит около 80 рублей.','2026-01-27 15:25:31',0,3,4),(36,1,29,'ivan.avto@yandex.ru','Жена сначала скептически относилась, теперь сама говорит: надо брать раньше.','2026-02-25 21:25:31',0,45,3),(37,1,29,'ivan.avto@yandex.ru','Тяга у электро версии просто зверская. Стартует мгновенно!','2025-12-29 04:25:31',0,27,4),(38,1,29,'sergei.speed@yandex.ru','В реальности всё ещё лучше чем в обзорах. Качество пластика удивляет.','2026-01-11 17:25:31',0,1,3),(39,1,29,'maxim.china@gmail.com','Зарядная инфраструктура в городе уже хорошая. У дома есть зарядка.','2026-03-05 22:25:31',0,19,4),(40,1,29,'petrov.victor@mail.ru','Рекомендую всем! Уже 4 человека из моего окружения купили такую же.','2026-01-12 06:25:31',0,48,3),(41,1,41,'aleksei.motors@mail.ru','Заряжаю дома от розетки 220V. На 100 км уходит около 80 рублей.','2026-02-07 01:25:31',0,20,3),(42,1,41,'anna.cargirl@mail.ru','Тяга у электро версии просто зверская. Стартует мгновенно!','2026-02-23 03:25:31',0,30,3),(43,1,41,'svetlana.drive@mail.ru','Отличная машина! Брал на тест-драйв — впечатления супер. Салон просто космос!','2025-11-16 21:25:31',0,12,4),(44,1,41,'svetlana.drive@mail.ru','Жена сначала скептически относилась, теперь сама говорит: надо брать раньше.','2025-12-28 17:25:31',0,15,3),(45,1,41,'aleksei.motors@mail.ru','Жена сначала скептически относилась, теперь сама говорит: надо брать раньше.','2026-01-09 12:25:31',0,49,3),(46,1,73,'nikolai.rider@inbox.ru','В реальности всё ещё лучше чем в обзорах. Качество пластика удивляет.','2026-02-08 03:25:31',0,36,3),(47,1,73,'orlova.maya@yandex.ru','Ездили на тест. Динамика хорошая, руль информативный. Подвеска мягкая.','2025-11-17 06:25:31',0,40,3),(48,1,108,'elena.auto@gmail.com','Тяга у электро версии просто зверская. Стартует мгновенно!','2025-11-15 14:25:31',0,4,3),(49,1,108,'dmitry.wheel@yandex.ru','Отличная машина! Брал на тест-драйв — впечатления супер. Салон просто космос!','2026-01-17 10:25:31',0,33,3),(50,1,108,'sergei.speed@yandex.ru','За год эксплуатации ни одного похода в сервис кроме ТО. Надёжно!','2026-02-01 18:25:31',0,28,3),(51,1,108,'elena.auto@gmail.com','Жена сначала скептически относилась, теперь сама говорит: надо брать раньше.','2025-12-15 16:25:31',0,48,4),(52,1,109,'elena.auto@gmail.com','Рекомендую всем! Уже 4 человека из моего окружения купили такую же.','2026-02-23 20:25:31',0,48,3),(53,1,109,'dmitry.wheel@yandex.ru','Адаптивный круиз — реально полезная вещь на трассе. Руки не устают.','2026-01-28 08:25:31',0,25,3),(54,1,109,'orlova.maya@yandex.ru','Адаптивный круиз — реально полезная вещь на трассе. Руки не устают.','2026-02-04 14:25:31',0,28,3),(55,1,109,'orlova.maya@yandex.ru','Отличная машина! Брал на тест-драйв — впечатления супер. Салон просто космос!','2026-03-06 20:25:31',0,15,3),(56,1,109,'elena.auto@gmail.com','Зарядная инфраструктура в городе уже хорошая. У дома есть зарядка.','2025-12-12 04:25:31',0,16,3),(57,1,116,'sergei.speed@yandex.ru','За год эксплуатации ни одного похода в сервис кроме ТО. Надёжно!','2025-12-28 16:25:31',0,37,3),(58,1,116,'sergei.speed@yandex.ru','Заряжаю дома от розетки 220V. На 100 км уходит около 80 рублей.','2026-02-15 12:25:31',0,35,3),(59,1,116,'aleksei.motors@mail.ru','Пересел с японца на этого китайца и не пожалел. Качество сборки на высоте.','2025-12-04 07:25:31',0,22,3),(60,1,116,'kovalev.petr@mail.ru','Рекомендую всем! Уже 4 человека из моего окружения купили такую же.','2026-02-11 11:25:31',0,29,3),(61,1,116,'nazarov.andrei@yandex.ru','Зарядная инфраструктура в городе уже хорошая. У дома есть зарядка.','2025-12-18 22:25:31',0,40,4),(62,1,134,'kovalev.petr@mail.ru','Машина тихая, особенно на скорости. Звукоизоляция реально работает.','2026-02-26 08:25:31',0,38,4),(63,1,134,'anna.cargirl@mail.ru','Батарея заряжается до 80% за 25 минут. Расход на трассе минимальный.','2026-01-31 01:25:31',0,6,4),(64,1,134,'orlova.maya@yandex.ru','Заряжаю дома от розетки 220V. На 100 км уходит около 80 рублей.','2025-11-11 08:25:31',0,10,4),(65,1,134,'nikolai.rider@inbox.ru','В реальности всё ещё лучше чем в обзорах. Качество пластика удивляет.','2026-01-22 18:25:31',0,31,4),(66,1,147,'petrov.victor@mail.ru','Купил месяц назад, очень доволен. За эти деньги лучший вариант на рынке.','2025-12-22 12:25:31',0,46,4),(67,1,147,'kovalev.petr@mail.ru','Цена немного высоковата, но за такое качество — терпимо. Беру!','2025-11-23 12:25:31',0,27,4),(68,1,148,'nikolai.rider@inbox.ru','Машина тихая, особенно на скорости. Звукоизоляция реально работает.','2026-02-17 10:25:31',0,15,4),(69,1,148,'dmitry.wheel@yandex.ru','За год эксплуатации ни одного похода в сервис кроме ТО. Надёжно!','2026-01-27 07:25:31',0,43,4),(70,1,178,'sergei.speed@yandex.ru','За год эксплуатации ни одного похода в сервис кроме ТО. Надёжно!','2025-12-25 11:25:31',0,40,4),(71,1,178,'svetlana.drive@mail.ru','Зарядная инфраструктура в городе уже хорошая. У дома есть зарядка.','2026-02-23 16:25:31',0,25,3),(72,1,178,'elena.auto@gmail.com','5 звёзд от Euro NCAP. AEB работает — уже тормозил на пешехода автоматически.','2026-01-15 08:25:31',0,4,3),(73,1,178,'nazarov.andrei@yandex.ru','5 звёзд от Euro NCAP. AEB работает — уже тормозил на пешехода автоматически.','2026-02-24 05:25:31',0,34,3),(74,1,178,'maxim.china@gmail.com','Взял кредит на 3 года. Ежемесячный платёж небольшой, а машина премиум-класса.','2026-01-01 09:25:31',0,28,4),(75,1,178,'ivan.avto@yandex.ru','Машина тихая, особенно на скорости. Звукоизоляция реально работает.','2026-02-09 03:25:31',0,24,4),(76,1,209,'olga.wheels@gmail.com','Отличная машина! Брал на тест-драйв — впечатления супер. Салон просто космос!','2026-02-12 06:25:31',0,30,4),(77,1,209,'nikolai.rider@inbox.ru','Проехал 10000 км — никаких нареканий. Расход на трассе 5.2 л/100 км.','2025-11-15 13:25:31',0,35,3),(78,1,26,'svetlana.drive@mail.ru','Отличная машина! Брал на тест-драйв — впечатления супер. Салон просто космос!','2026-01-21 15:25:31',0,34,3),(79,1,26,'aleksei.motors@mail.ru','Рекомендую всем! Уже 4 человека из моего окружения купили такую же.','2026-02-08 10:25:31',0,22,3),(80,1,26,'olga.wheels@gmail.com','Отличный вариант для семьи! Багажник большой, посадка удобная для всех.','2025-12-15 04:25:31',0,24,3),(81,1,26,'smirnova.oksana@gmail.com','Смотрел лично в салоне. Интерьер впечатляет, всё подогнано ровно.','2026-03-06 13:25:31',0,33,4),(82,1,26,'elena.auto@gmail.com','Технологий внутри больше, чем ожидал. Голосовое управление работает!','2026-03-05 12:25:31',0,37,3),(83,1,45,'nazarov.andrei@yandex.ru','Заряжаю дома от розетки 220V. На 100 км уходит около 80 рублей.','2026-01-03 11:25:31',0,6,4),(84,1,45,'sergei.speed@yandex.ru','Отличная машина! Брал на тест-драйв — впечатления супер. Салон просто космос!','2026-01-25 20:25:31',0,42,4),(85,1,47,'orlova.maya@yandex.ru','Немцы и японцы с таким ценником проигрывают в оснащении. Рекомендую!','2025-11-27 20:25:31',0,41,4),(86,1,47,'elena.auto@gmail.com','Тяга у электро версии просто зверская. Стартует мгновенно!','2026-02-06 09:25:31',0,12,4),(87,1,47,'olga.wheels@gmail.com','Купил месяц назад, очень доволен. За эти деньги лучший вариант на рынке.','2025-11-10 04:25:31',0,40,4),(88,1,47,'olga.wheels@gmail.com','Зарядная инфраструктура в городе уже хорошая. У дома есть зарядка.','2025-12-03 13:25:31',0,34,3),(89,1,47,'maxim.china@gmail.com','Отличный вариант для семьи! Багажник большой, посадка удобная для всех.','2025-12-09 06:25:31',0,43,3),(90,1,49,'ivan.avto@yandex.ru','Отличная машина! Брал на тест-драйв — впечатления супер. Салон просто космос!','2026-02-18 13:25:31',0,6,3),(91,1,49,'orlova.maya@yandex.ru','Взял для городских поездок. Маневренный, камера 360 градусов.','2026-01-30 15:25:31',0,8,3),(92,1,49,'ivan.avto@yandex.ru','Заряжаю дома от розетки 220V. На 100 км уходит около 80 рублей.','2026-01-26 09:25:31',0,3,3),(93,1,61,'anna.cargirl@mail.ru','Адаптивный круиз — реально полезная вещь на трассе. Руки не устают.','2025-12-13 01:25:31',0,46,4),(94,1,61,'orlova.maya@yandex.ru','Цена немного высоковата, но за такое качество — терпимо. Беру!','2026-02-15 03:25:31',0,9,4),(95,1,61,'svetlana.drive@mail.ru','Адаптивный круиз — реально полезная вещь на трассе. Руки не устают.','2025-11-25 22:25:31',0,28,3),(96,1,61,'smirnova.oksana@gmail.com','Отличная машина! Брал на тест-драйв — впечатления супер. Салон просто космос!','2026-02-16 05:25:31',0,47,3),(97,1,63,'orlova.maya@yandex.ru','Проехал 10000 км — никаких нареканий. Расход на трассе 5.2 л/100 км.','2025-11-17 05:25:31',0,8,3),(98,1,63,'ivan.avto@yandex.ru','Рекомендую всем! Уже 4 человека из моего окружения купили такую же.','2026-02-16 00:25:31',0,17,3),(99,1,63,'sergei.speed@yandex.ru','Тяга у электро версии просто зверская. Стартует мгновенно!','2026-01-15 20:25:31',0,16,4),(100,1,63,'nazarov.andrei@yandex.ru','Батарея заряжается до 80% за 25 минут. Расход на трассе минимальный.','2025-12-29 15:25:31',0,42,4),(101,1,65,'maxim.china@gmail.com','Жена сначала скептически относилась, теперь сама говорит: надо брать раньше.','2026-02-26 17:25:31',0,10,3),(102,1,65,'sergei.speed@yandex.ru','Несколько лет смотрел на этот бренд с опаской, теперь понимаю зря сомневался.','2025-11-19 05:25:31',0,35,4),(103,1,65,'ivan.avto@yandex.ru','Тяга у электро версии просто зверская. Стартует мгновенно!','2026-01-02 00:25:31',0,24,4),(104,1,65,'aleksei.motors@mail.ru','Рекомендую всем! Уже 4 человека из моего окружения купили такую же.','2025-11-18 14:25:31',0,22,4),(105,1,65,'nikolai.rider@inbox.ru','Рекомендую всем! Уже 4 человека из моего окружения купили такую же.','2025-12-06 23:25:31',0,3,4),(106,1,68,'aleksei.motors@mail.ru','Технологий внутри больше, чем ожидал. Голосовое управление работает!','2026-02-28 07:25:31',0,31,3),(107,1,68,'dmitry.wheel@yandex.ru','Зарядная инфраструктура в городе уже хорошая. У дома есть зарядка.','2025-12-25 18:25:31',0,25,3),(108,1,68,'dmitry.wheel@yandex.ru','Ездили на тест. Динамика хорошая, руль информативный. Подвеска мягкая.','2026-01-22 14:25:31',0,41,3),(109,1,68,'nikolai.rider@inbox.ru','Машина тихая, особенно на скорости. Звукоизоляция реально работает.','2025-12-18 05:25:31',0,24,4),(110,1,68,'olga.wheels@gmail.com','5 звёзд от Euro NCAP. AEB работает — уже тормозил на пешехода автоматически.','2025-11-20 09:25:31',0,30,3),(111,1,70,'svetlana.drive@mail.ru','Отличный вариант для семьи! Багажник большой, посадка удобная для всех.','2026-01-01 09:25:31',0,5,4),(112,1,70,'petrov.victor@mail.ru','Смотрел лично в салоне. Интерьер впечатляет, всё подогнано ровно.','2026-02-27 04:25:31',0,11,3),(113,1,70,'nikolai.rider@inbox.ru','Купил месяц назад, очень доволен. За эти деньги лучший вариант на рынке.','2026-01-16 07:25:31',0,42,3),(114,1,70,'nazarov.andrei@yandex.ru','Цена немного высоковата, но за такое качество — терпимо. Беру!','2025-12-18 00:25:31',0,46,3),(115,1,74,'maxim.china@gmail.com','Батарея заряжается до 80% за 25 минут. Расход на трассе минимальный.','2025-11-22 09:25:31',0,13,4),(116,1,74,'svetlana.drive@mail.ru','Машина тихая, особенно на скорости. Звукоизоляция реально работает.','2025-11-24 23:25:31',0,20,4),(117,1,74,'svetlana.drive@mail.ru','Жена сначала скептически относилась, теперь сама говорит: надо брать раньше.','2026-03-06 05:25:31',0,44,3),(118,1,74,'maxim.china@gmail.com','5 звёзд от Euro NCAP. AEB работает — уже тормозил на пешехода автоматически.','2025-12-14 08:25:31',0,7,3),(119,1,74,'svetlana.drive@mail.ru','Несколько лет смотрел на этот бренд с опаской, теперь понимаю зря сомневался.','2026-02-05 09:25:31',0,3,4),(120,1,79,'aleksei.motors@mail.ru','Ездили на тест. Динамика хорошая, руль информативный. Подвеска мягкая.','2025-12-05 23:25:31',0,39,3),(121,1,79,'orlova.maya@yandex.ru','Технологий внутри больше, чем ожидал. Голосовое управление работает!','2026-01-16 18:25:31',0,6,4),(122,1,79,'kovalev.petr@mail.ru','Рекомендую всем! Уже 4 человека из моего окружения купили такую же.','2026-02-03 05:25:31',0,30,3),(123,1,79,'petrov.victor@mail.ru','Отличная машина! Брал на тест-драйв — впечатления супер. Салон просто космос!','2025-11-08 10:25:31',0,41,4),(124,1,79,'aleksei.motors@mail.ru','Тяга у электро версии просто зверская. Стартует мгновенно!','2026-01-12 11:25:31',0,38,4),(125,1,88,'ivan.avto@yandex.ru','Заряжаю дома от розетки 220V. На 100 км уходит около 80 рублей.','2026-01-24 09:25:31',0,24,4),(126,1,88,'maxim.china@gmail.com','Взял для городских поездок. Маневренный, камера 360 градусов.','2026-02-23 21:25:31',0,7,3),(127,1,88,'olga.wheels@gmail.com','Смотрел лично в салоне. Интерьер впечатляет, всё подогнано ровно.','2025-12-14 12:25:31',0,21,4),(128,1,88,'ivan.avto@yandex.ru','Взял кредит на 3 года. Ежемесячный платёж небольшой, а машина премиум-класса.','2026-01-26 22:25:31',0,13,4),(129,1,88,'dmitry.wheel@yandex.ru','Купил месяц назад, очень доволен. За эти деньги лучший вариант на рынке.','2026-01-06 16:25:31',0,42,4),(130,1,88,'kovalev.petr@mail.ru','Заряжаю дома от розетки 220V. На 100 км уходит около 80 рублей.','2025-12-08 07:25:31',0,38,3),(131,1,92,'anna.cargirl@mail.ru','Тяга у электро версии просто зверская. Стартует мгновенно!','2026-02-06 22:25:31',0,32,4),(132,1,92,'nikolai.rider@inbox.ru','Ездили на тест. Динамика хорошая, руль информативный. Подвеска мягкая.','2026-02-25 18:25:31',0,45,4),(133,1,105,'sergei.speed@yandex.ru','Адаптивный круиз — реально полезная вещь на трассе. Руки не устают.','2025-12-30 00:25:31',0,18,4),(134,1,105,'olga.wheels@gmail.com','Батарея заряжается до 80% за 25 минут. Расход на трассе минимальный.','2025-12-21 22:25:31',0,19,4),(135,1,105,'nikolai.rider@inbox.ru','Рекомендую всем! Уже 4 человека из моего окружения купили такую же.','2026-02-22 16:25:31',0,46,3),(136,1,105,'nazarov.andrei@yandex.ru','Заряжаю дома от розетки 220V. На 100 км уходит около 80 рублей.','2026-02-20 12:25:31',0,28,4),(137,1,114,'orlova.maya@yandex.ru','Смотрел лично в салоне. Интерьер впечатляет, всё подогнано ровно.','2025-12-05 08:25:31',0,20,3),(138,1,114,'nazarov.andrei@yandex.ru','Ездили на тест. Динамика хорошая, руль информативный. Подвеска мягкая.','2026-02-13 18:25:31',0,44,3),(139,1,114,'orlova.maya@yandex.ru','Несколько лет смотрел на этот бренд с опаской, теперь понимаю зря сомневался.','2025-12-27 04:25:31',0,12,3),(140,1,114,'petrov.victor@mail.ru','Цена немного высоковата, но за такое качество — терпимо. Беру!','2025-12-30 20:25:31',0,32,4),(141,1,114,'nikolai.rider@inbox.ru','Заряжаю дома от розетки 220V. На 100 км уходит около 80 рублей.','2026-01-09 00:25:31',0,17,4),(142,1,117,'orlova.maya@yandex.ru','Отличный вариант для семьи! Багажник большой, посадка удобная для всех.','2025-12-18 08:25:31',0,19,3),(143,1,117,'dmitry.wheel@yandex.ru','Взял кредит на 3 года. Ежемесячный платёж небольшой, а машина премиум-класса.','2026-01-19 19:25:31',0,44,3),(144,1,117,'aleksei.motors@mail.ru','Несколько лет смотрел на этот бренд с опаской, теперь понимаю зря сомневался.','2025-12-03 15:25:31',0,5,3),(145,1,117,'dmitry.wheel@yandex.ru','Цена немного высоковата, но за такое качество — терпимо. Беру!','2026-02-04 19:25:31',0,21,3),(146,1,135,'dmitry.wheel@yandex.ru','5 звёзд от Euro NCAP. AEB работает — уже тормозил на пешехода автоматически.','2025-12-18 19:25:31',0,11,3),(147,1,135,'nazarov.andrei@yandex.ru','Несколько лет смотрел на этот бренд с опаской, теперь понимаю зря сомневался.','2025-12-01 16:25:31',0,37,4),(148,1,139,'smirnova.oksana@gmail.com','Рекомендую всем! Уже 4 человека из моего окружения купили такую же.','2025-11-29 14:25:31',0,46,4),(149,1,139,'nazarov.andrei@yandex.ru','Зарядная инфраструктура в городе уже хорошая. У дома есть зарядка.','2025-12-26 11:25:31',0,1,3),(150,1,142,'maxim.china@gmail.com','Несколько лет смотрел на этот бренд с опаской, теперь понимаю зря сомневался.','2025-12-21 22:25:31',0,21,3),(151,1,142,'aleksei.motors@mail.ru','Зарядная инфраструктура в городе уже хорошая. У дома есть зарядка.','2026-02-24 10:25:31',0,48,4),(152,1,142,'elena.auto@gmail.com','Технологий внутри больше, чем ожидал. Голосовое управление работает!','2026-01-31 20:25:31',0,13,3),(153,1,142,'nazarov.andrei@yandex.ru','Батарея заряжается до 80% за 25 минут. Расход на трассе минимальный.','2025-11-23 14:25:31',0,7,3),(154,1,144,'kovalev.petr@mail.ru','Взял для городских поездок. Маневренный, камера 360 градусов.','2026-01-25 22:25:31',0,46,4),(155,1,144,'ivan.avto@yandex.ru','Ездили на тест. Динамика хорошая, руль информативный. Подвеска мягкая.','2025-12-07 18:25:31',0,15,3),(156,1,144,'olga.wheels@gmail.com','Салон шикарный, кресла с вентиляцией. Для такой цены конкурентов нет.','2026-01-09 20:25:31',0,41,3),(157,1,144,'maxim.china@gmail.com','За год эксплуатации ни одного похода в сервис кроме ТО. Надёжно!','2026-02-01 21:25:31',0,28,3),(158,1,144,'nazarov.andrei@yandex.ru','Несколько лет смотрел на этот бренд с опаской, теперь понимаю зря сомневался.','2025-11-16 15:25:31',0,44,3),(159,1,144,'anna.cargirl@mail.ru','Заряжаю дома от розетки 220V. На 100 км уходит около 80 рублей.','2026-02-19 04:25:31',0,26,4),(160,1,145,'svetlana.drive@mail.ru','Проехал 10000 км — никаких нареканий. Расход на трассе 5.2 л/100 км.','2025-12-07 17:25:31',0,35,4),(161,1,145,'svetlana.drive@mail.ru','5 звёзд от Euro NCAP. AEB работает — уже тормозил на пешехода автоматически.','2025-12-02 20:25:31',0,18,4),(162,1,145,'ivan.avto@yandex.ru','Ездили на тест. Динамика хорошая, руль информативный. Подвеска мягкая.','2025-12-21 10:25:31',0,2,4),(163,1,145,'sergei.speed@yandex.ru','Взял кредит на 3 года. Ежемесячный платёж небольшой, а машина премиум-класса.','2026-03-04 18:25:31',0,11,3),(164,1,149,'petrov.victor@mail.ru','Батарея заряжается до 80% за 25 минут. Расход на трассе минимальный.','2026-01-24 01:25:31',0,41,3),(165,1,149,'petrov.victor@mail.ru','В реальности всё ещё лучше чем в обзорах. Качество пластика удивляет.','2025-12-28 16:25:31',0,1,3),(166,1,149,'ivan.avto@yandex.ru','Рекомендую всем! Уже 4 человека из моего окружения купили такую же.','2026-03-02 06:25:31',0,6,4),(167,1,149,'kovalev.petr@mail.ru','Цена немного высоковата, но за такое качество — терпимо. Беру!','2026-02-08 11:25:31',0,18,3),(168,1,151,'kovalev.petr@mail.ru','Машина тихая, особенно на скорости. Звукоизоляция реально работает.','2025-11-30 03:25:31',0,5,3),(169,1,151,'kovalev.petr@mail.ru','Купил месяц назад, очень доволен. За эти деньги лучший вариант на рынке.','2025-11-18 16:25:31',0,19,4),(170,1,151,'anna.cargirl@mail.ru','Технологий внутри больше, чем ожидал. Голосовое управление работает!','2025-12-10 18:25:31',0,38,3),(171,1,151,'nazarov.andrei@yandex.ru','За год эксплуатации ни одного похода в сервис кроме ТО. Надёжно!','2026-01-31 10:25:31',0,40,3),(172,1,151,'elena.auto@gmail.com','За год эксплуатации ни одного похода в сервис кроме ТО. Надёжно!','2025-11-19 09:25:31',0,36,3),(173,1,190,'maxim.china@gmail.com','В реальности всё ещё лучше чем в обзорах. Качество пластика удивляет.','2026-03-02 00:25:31',0,25,4),(174,1,190,'elena.auto@gmail.com','Заряжаю дома от розетки 220V. На 100 км уходит около 80 рублей.','2026-02-26 11:25:31',0,13,4),(175,1,190,'maxim.china@gmail.com','Отличный вариант для семьи! Багажник большой, посадка удобная для всех.','2025-11-17 01:25:31',0,12,4),(176,1,198,'elena.auto@gmail.com','Купил месяц назад, очень доволен. За эти деньги лучший вариант на рынке.','2025-11-20 03:25:31',0,27,4),(177,1,198,'smirnova.oksana@gmail.com','Салон шикарный, кресла с вентиляцией. Для такой цены конкурентов нет.','2025-11-18 00:25:31',0,26,3),(178,1,198,'kovalev.petr@mail.ru','Смотрел лично в салоне. Интерьер впечатляет, всё подогнано ровно.','2025-12-22 11:25:31',0,46,3),(179,1,198,'aleksei.motors@mail.ru','Салон шикарный, кресла с вентиляцией. Для такой цены конкурентов нет.','2026-01-05 07:25:31',0,14,4),(180,1,198,'dmitry.wheel@yandex.ru','Тяга у электро версии просто зверская. Стартует мгновенно!','2025-12-07 11:25:31',0,37,4),(181,1,198,'petrov.victor@mail.ru','Заряжаю дома от розетки 220V. На 100 км уходит около 80 рублей.','2026-02-26 06:25:31',0,13,3),(182,1,205,'anna.cargirl@mail.ru','Несколько лет смотрел на этот бренд с опаской, теперь понимаю зря сомневался.','2025-12-17 23:25:31',0,12,3),(183,1,205,'dmitry.wheel@yandex.ru','Взял для городских поездок. Маневренный, камера 360 градусов.','2025-12-27 17:25:31',0,11,3),(184,1,212,'petrov.victor@mail.ru','Заряжаю дома от розетки 220V. На 100 км уходит около 80 рублей.','2025-11-17 21:25:31',0,28,3),(185,1,212,'kovalev.petr@mail.ru','Технологий внутри больше, чем ожидал. Голосовое управление работает!','2026-01-16 10:25:31',0,0,3),(186,1,212,'smirnova.oksana@gmail.com','Батарея заряжается до 80% за 25 минут. Расход на трассе минимальный.','2026-01-20 07:25:31',0,37,4),(187,1,212,'kovalev.petr@mail.ru','Купил месяц назад, очень доволен. За эти деньги лучший вариант на рынке.','2026-02-26 08:25:31',0,11,3),(188,1,212,'elena.auto@gmail.com','Адаптивный круиз — реально полезная вещь на трассе. Руки не устают.','2026-02-27 16:25:31',0,30,4),(189,1,212,'smirnova.oksana@gmail.com','Пересел с японца на этого китайца и не пожалел. Качество сборки на высоте.','2026-01-11 21:25:31',0,22,3),(190,1,1,'elena.auto@gmail.com','Салон шикарный, кресла с вентиляцией. Для такой цены конкурентов нет.','2026-01-09 20:25:31',0,18,4),(191,1,1,'nikolai.rider@inbox.ru','Заряжаю дома от розетки 220V. На 100 км уходит около 80 рублей.','2025-11-29 23:25:31',0,42,3),(192,1,1,'petrov.victor@mail.ru','Технологий внутри больше, чем ожидал. Голосовое управление работает!','2025-12-26 12:25:31',0,22,3),(193,1,6,'orlova.maya@yandex.ru','Рекомендую всем! Уже 4 человека из моего окружения купили такую же.','2026-01-30 18:25:31',0,19,3),(194,1,6,'anna.cargirl@mail.ru','За год эксплуатации ни одного похода в сервис кроме ТО. Надёжно!','2026-02-24 01:25:31',0,41,4),(195,1,6,'sergei.speed@yandex.ru','Цена немного высоковата, но за такое качество — терпимо. Беру!','2026-01-02 05:25:31',0,36,3),(196,1,16,'nikolai.rider@inbox.ru','Салон шикарный, кресла с вентиляцией. Для такой цены конкурентов нет.','2025-11-17 14:25:31',0,45,4),(197,1,16,'sergei.speed@yandex.ru','Смотрел лично в салоне. Интерьер впечатляет, всё подогнано ровно.','2025-11-18 07:25:31',0,29,3),(198,1,18,'kovalev.petr@mail.ru','Отличная машина! Брал на тест-драйв — впечатления супер. Салон просто космос!','2026-01-07 14:25:31',0,32,3),(199,1,18,'petrov.victor@mail.ru','За год эксплуатации ни одного похода в сервис кроме ТО. Надёжно!','2025-12-12 08:25:31',0,1,4),(200,1,18,'nazarov.andrei@yandex.ru','Взял кредит на 3 года. Ежемесячный платёж небольшой, а машина премиум-класса.','2026-02-07 05:25:31',0,25,3),(201,1,18,'nazarov.andrei@yandex.ru','За год эксплуатации ни одного похода в сервис кроме ТО. Надёжно!','2026-01-13 09:25:31',0,38,3),(202,1,18,'nikolai.rider@inbox.ru','Тяга у электро версии просто зверская. Стартует мгновенно!','2025-12-25 05:25:31',0,36,4),(203,1,18,'petrov.victor@mail.ru','Зарядная инфраструктура в городе уже хорошая. У дома есть зарядка.','2025-12-23 04:25:31',0,41,4),(204,1,50,'smirnova.oksana@gmail.com','Жена сначала скептически относилась, теперь сама говорит: надо брать раньше.','2026-01-13 18:25:31',0,11,4),(205,1,50,'ivan.avto@yandex.ru','Адаптивный круиз — реально полезная вещь на трассе. Руки не устают.','2026-02-17 18:25:31',0,43,4),(206,1,50,'dmitry.wheel@yandex.ru','Заряжаю дома от розетки 220V. На 100 км уходит около 80 рублей.','2025-12-24 09:25:31',0,39,3),(207,1,91,'kovalev.petr@mail.ru','Взял кредит на 3 года. Ежемесячный платёж небольшой, а машина премиум-класса.','2026-02-07 14:25:31',0,26,3),(208,1,91,'svetlana.drive@mail.ru','Немцы и японцы с таким ценником проигрывают в оснащении. Рекомендую!','2026-02-07 08:25:31',0,6,3),(209,1,91,'sergei.speed@yandex.ru','За год эксплуатации ни одного похода в сервис кроме ТО. Надёжно!','2026-02-05 04:25:31',0,20,4),(210,1,91,'petrov.victor@mail.ru','Рекомендую всем! Уже 4 человека из моего окружения купили такую же.','2025-11-11 08:25:31',0,39,4),(211,1,91,'smirnova.oksana@gmail.com','Взял кредит на 3 года. Ежемесячный платёж небольшой, а машина премиум-класса.','2026-02-25 15:25:31',0,32,4),(212,1,91,'maxim.china@gmail.com','Батарея заряжается до 80% за 25 минут. Расход на трассе минимальный.','2026-03-01 00:25:31',0,30,3),(213,1,106,'maxim.china@gmail.com','Батарея заряжается до 80% за 25 минут. Расход на трассе минимальный.','2025-11-08 17:25:31',0,24,3),(214,1,106,'kovalev.petr@mail.ru','Смотрел лично в салоне. Интерьер впечатляет, всё подогнано ровно.','2026-03-06 22:25:31',0,47,3),(215,1,106,'ivan.avto@yandex.ru','Отличный вариант для семьи! Багажник большой, посадка удобная для всех.','2026-02-15 09:25:31',0,38,4),(216,1,137,'aleksei.motors@mail.ru','Салон шикарный, кресла с вентиляцией. Для такой цены конкурентов нет.','2025-11-13 03:25:31',0,24,3),(217,1,137,'olga.wheels@gmail.com','5 звёзд от Euro NCAP. AEB работает — уже тормозил на пешехода автоматически.','2026-01-15 22:25:31',0,5,3),(218,1,137,'aleksei.motors@mail.ru','Тяга у электро версии просто зверская. Стартует мгновенно!','2026-01-21 12:25:31',0,10,3),(219,1,137,'kovalev.petr@mail.ru','Зарядная инфраструктура в городе уже хорошая. У дома есть зарядка.','2025-12-22 22:25:31',0,44,3),(220,1,143,'ivan.avto@yandex.ru','Батарея заряжается до 80% за 25 минут. Расход на трассе минимальный.','2025-12-22 12:25:31',0,5,4),(221,1,143,'petrov.victor@mail.ru','Заряжаю дома от розетки 220V. На 100 км уходит около 80 рублей.','2025-11-27 11:25:31',0,10,4),(222,1,146,'aleksei.motors@mail.ru','Батарея заряжается до 80% за 25 минут. Расход на трассе минимальный.','2025-12-06 11:25:31',0,39,3),(223,1,146,'nikolai.rider@inbox.ru','Взял для городских поездок. Маневренный, камера 360 градусов.','2026-02-10 05:25:31',0,42,4),(224,1,146,'kovalev.petr@mail.ru','Смотрел лично в салоне. Интерьер впечатляет, всё подогнано ровно.','2026-01-15 05:25:31',0,34,4),(225,1,146,'nikolai.rider@inbox.ru','Рекомендую всем! Уже 4 человека из моего окружения купили такую же.','2025-12-16 08:25:31',0,44,4),(226,1,180,'anna.cargirl@mail.ru','Салон шикарный, кресла с вентиляцией. Для такой цены конкурентов нет.','2025-11-12 06:25:31',0,43,4),(227,1,180,'maxim.china@gmail.com','Купил месяц назад, очень доволен. За эти деньги лучший вариант на рынке.','2026-03-03 17:25:31',0,9,4),(228,1,182,'nikolai.rider@inbox.ru','Ездили на тест. Динамика хорошая, руль информативный. Подвеска мягкая.','2026-03-04 05:25:31',0,12,3),(229,1,182,'kovalev.petr@mail.ru','Зарядная инфраструктура в городе уже хорошая. У дома есть зарядка.','2026-01-22 19:25:31',0,25,4),(230,1,193,'nazarov.andrei@yandex.ru','Отличный вариант для семьи! Багажник большой, посадка удобная для всех.','2026-01-08 13:25:31',0,5,3),(231,1,193,'dmitry.wheel@yandex.ru','Взял кредит на 3 года. Ежемесячный платёж небольшой, а машина премиум-класса.','2026-01-29 21:25:31',0,31,3),(232,1,193,'sergei.speed@yandex.ru','Тяга у электро версии просто зверская. Стартует мгновенно!','2026-01-05 06:25:31',0,13,3),(233,1,193,'dmitry.wheel@yandex.ru','Взял кредит на 3 года. Ежемесячный платёж небольшой, а машина премиум-класса.','2026-03-03 20:25:31',0,1,4),(234,1,194,'aleksei.motors@mail.ru','Технологий внутри больше, чем ожидал. Голосовое управление работает!','2026-01-07 07:25:31',0,12,3),(235,1,194,'nikolai.rider@inbox.ru','Отличный вариант для семьи! Багажник большой, посадка удобная для всех.','2025-12-16 18:25:31',0,23,4),(236,1,194,'ivan.avto@yandex.ru','За год эксплуатации ни одного похода в сервис кроме ТО. Надёжно!','2026-01-05 11:25:31',0,11,3),(237,1,194,'sergei.speed@yandex.ru','За год эксплуатации ни одного похода в сервис кроме ТО. Надёжно!','2026-02-04 05:25:31',0,46,3),(238,1,194,'kovalev.petr@mail.ru','Купил месяц назад, очень доволен. За эти деньги лучший вариант на рынке.','2025-12-15 17:25:31',0,29,3),(239,1,194,'aleksei.motors@mail.ru','Батарея заряжается до 80% за 25 минут. Расход на трассе минимальный.','2025-12-26 14:25:31',0,23,4),(240,1,213,'maxim.china@gmail.com','Рекомендую всем! Уже 4 человека из моего окружения купили такую же.','2026-01-08 03:25:31',0,6,3),(241,1,213,'aleksei.motors@mail.ru','Ездили на тест. Динамика хорошая, руль информативный. Подвеска мягкая.','2025-12-10 09:25:31',0,35,4),(242,1,213,'dmitry.wheel@yandex.ru','Несколько лет смотрел на этот бренд с опаской, теперь понимаю зря сомневался.','2026-02-27 06:25:31',0,25,4),(243,1,2,'aleksei.motors@mail.ru','Адаптивный круиз — реально полезная вещь на трассе. Руки не устают.','2026-02-25 05:25:31',0,45,4),(244,1,2,'petrov.victor@mail.ru','Проехал 10000 км — никаких нареканий. Расход на трассе 5.2 л/100 км.','2026-03-03 20:25:31',0,30,4),(245,1,3,'sergei.speed@yandex.ru','Заряжаю дома от розетки 220V. На 100 км уходит около 80 рублей.','2026-01-21 08:25:31',0,45,3),(246,1,3,'nazarov.andrei@yandex.ru','Рекомендую всем! Уже 4 человека из моего окружения купили такую же.','2026-01-24 03:25:31',0,40,3),(247,1,3,'maxim.china@gmail.com','Цена немного высоковата, но за такое качество — терпимо. Беру!','2025-12-20 01:25:31',0,35,3),(248,1,3,'nazarov.andrei@yandex.ru','Зарядная инфраструктура в городе уже хорошая. У дома есть зарядка.','2026-02-28 17:25:31',0,2,3),(249,1,5,'olga.wheels@gmail.com','Взял кредит на 3 года. Ежемесячный платёж небольшой, а машина премиум-класса.','2026-03-03 22:25:31',0,20,4),(250,1,5,'orlova.maya@yandex.ru','Заряжаю дома от розетки 220V. На 100 км уходит около 80 рублей.','2025-11-18 12:25:31',0,2,4),(251,1,5,'dmitry.wheel@yandex.ru','Батарея заряжается до 80% за 25 минут. Расход на трассе минимальный.','2026-01-22 06:25:31',0,44,3),(252,1,5,'ivan.avto@yandex.ru','Тяга у электро версии просто зверская. Стартует мгновенно!','2026-01-31 21:25:31',0,39,3),(253,1,8,'sergei.speed@yandex.ru','Технологий внутри больше, чем ожидал. Голосовое управление работает!','2025-12-10 12:25:31',0,37,3),(254,1,8,'dmitry.wheel@yandex.ru','Батарея заряжается до 80% за 25 минут. Расход на трассе минимальный.','2026-02-27 21:25:31',0,42,3),(255,1,8,'svetlana.drive@mail.ru','Проехал 10000 км — никаких нареканий. Расход на трассе 5.2 л/100 км.','2025-12-08 18:25:31',0,25,3),(256,1,8,'smirnova.oksana@gmail.com','Машина тихая, особенно на скорости. Звукоизоляция реально работает.','2026-01-15 01:25:31',0,3,4),(257,1,9,'ivan.avto@yandex.ru','Тяга у электро версии просто зверская. Стартует мгновенно!','2025-11-17 23:25:31',0,34,3),(258,1,9,'dmitry.wheel@yandex.ru','Рекомендую всем! Уже 4 человека из моего окружения купили такую же.','2025-11-13 08:25:31',0,21,3),(259,1,9,'maxim.china@gmail.com','Пересел с японца на этого китайца и не пожалел. Качество сборки на высоте.','2026-01-12 12:25:31',0,1,3),(260,1,9,'smirnova.oksana@gmail.com','В реальности всё ещё лучше чем в обзорах. Качество пластика удивляет.','2025-12-01 18:25:31',0,28,4),(261,1,9,'maxim.china@gmail.com','Пересел с японца на этого китайца и не пожалел. Качество сборки на высоте.','2025-11-12 17:25:31',0,6,4),(262,1,11,'sergei.speed@yandex.ru','Зарядная инфраструктура в городе уже хорошая. У дома есть зарядка.','2026-02-25 13:25:31',0,10,3),(263,1,11,'dmitry.wheel@yandex.ru','Жена сначала скептически относилась, теперь сама говорит: надо брать раньше.','2025-12-20 15:25:31',0,35,4),(264,1,11,'maxim.china@gmail.com','Цена немного высоковата, но за такое качество — терпимо. Беру!','2025-12-14 00:25:31',0,44,4),(265,1,11,'elena.auto@gmail.com','Адаптивный круиз — реально полезная вещь на трассе. Руки не устают.','2026-01-11 19:25:31',0,30,4),(266,1,17,'sergei.speed@yandex.ru','5 звёзд от Euro NCAP. AEB работает — уже тормозил на пешехода автоматически.','2026-01-30 23:25:31',0,2,4),(267,1,17,'elena.auto@gmail.com','Проехал 10000 км — никаких нареканий. Расход на трассе 5.2 л/100 км.','2025-11-23 18:25:31',0,23,4),(268,1,34,'orlova.maya@yandex.ru','Смотрел лично в салоне. Интерьер впечатляет, всё подогнано ровно.','2026-02-05 12:25:31',0,15,4),(269,1,34,'nazarov.andrei@yandex.ru','Несколько лет смотрел на этот бренд с опаской, теперь понимаю зря сомневался.','2025-11-20 14:25:31',0,31,4),(270,1,60,'nazarov.andrei@yandex.ru','Машина тихая, особенно на скорости. Звукоизоляция реально работает.','2025-11-10 07:25:31',0,18,3),(271,1,60,'svetlana.drive@mail.ru','Взял кредит на 3 года. Ежемесячный платёж небольшой, а машина премиум-класса.','2025-11-21 09:25:31',0,49,3),(272,1,60,'nikolai.rider@inbox.ru','Смотрел лично в салоне. Интерьер впечатляет, всё подогнано ровно.','2026-01-16 05:25:31',0,39,3),(273,1,60,'maxim.china@gmail.com','Салон шикарный, кресла с вентиляцией. Для такой цены конкурентов нет.','2026-01-09 18:25:31',0,20,4),(274,1,60,'maxim.china@gmail.com','Машина тихая, особенно на скорости. Звукоизоляция реально работает.','2025-11-21 22:25:31',0,49,4),(275,1,60,'petrov.victor@mail.ru','Взял для городских поездок. Маневренный, камера 360 градусов.','2026-02-13 09:25:31',0,23,4),(276,1,71,'aleksei.motors@mail.ru','Несколько лет смотрел на этот бренд с опаской, теперь понимаю зря сомневался.','2026-01-31 01:25:31',0,49,4),(277,1,71,'petrov.victor@mail.ru','Салон шикарный, кресла с вентиляцией. Для такой цены конкурентов нет.','2025-12-02 13:25:31',0,35,4),(278,1,71,'anna.cargirl@mail.ru','Технологий внутри больше, чем ожидал. Голосовое управление работает!','2026-01-23 21:25:31',0,46,4),(279,1,71,'svetlana.drive@mail.ru','Проехал 10000 км — никаких нареканий. Расход на трассе 5.2 л/100 км.','2026-01-04 18:25:31',0,45,3),(280,1,81,'nazarov.andrei@yandex.ru','Технологий внутри больше, чем ожидал. Голосовое управление работает!','2025-12-03 00:25:31',0,33,4),(281,1,81,'smirnova.oksana@gmail.com','Ездили на тест. Динамика хорошая, руль информативный. Подвеска мягкая.','2025-11-21 22:25:31',0,1,3),(282,1,104,'svetlana.drive@mail.ru','Тяга у электро версии просто зверская. Стартует мгновенно!','2025-12-16 08:25:31',0,45,4),(283,1,104,'nazarov.andrei@yandex.ru','Ездили на тест. Динамика хорошая, руль информативный. Подвеска мягкая.','2025-11-12 01:25:31',0,17,4),(284,1,104,'kovalev.petr@mail.ru','Немцы и японцы с таким ценником проигрывают в оснащении. Рекомендую!','2026-01-25 17:25:31',0,11,4),(285,1,104,'svetlana.drive@mail.ru','Жена сначала скептически относилась, теперь сама говорит: надо брать раньше.','2025-11-10 18:25:31',0,15,4),(286,1,113,'nikolai.rider@inbox.ru','Смотрел лично в салоне. Интерьер впечатляет, всё подогнано ровно.','2026-01-12 08:25:31',0,2,3),(287,1,113,'kovalev.petr@mail.ru','Отличный вариант для семьи! Багажник большой, посадка удобная для всех.','2026-01-11 09:25:31',0,3,4),(288,1,113,'dmitry.wheel@yandex.ru','Взял кредит на 3 года. Ежемесячный платёж небольшой, а машина премиум-класса.','2026-02-25 03:25:31',0,23,4),(289,1,113,'nazarov.andrei@yandex.ru','Несколько лет смотрел на этот бренд с опаской, теперь понимаю зря сомневался.','2026-02-14 15:25:31',0,14,3),(290,1,113,'ivan.avto@yandex.ru','Цена немного высоковата, но за такое качество — терпимо. Беру!','2026-01-27 11:25:31',0,38,4),(291,1,113,'nazarov.andrei@yandex.ru','Ездили на тест. Динамика хорошая, руль информативный. Подвеска мягкая.','2025-12-24 06:25:31',0,26,3),(292,1,129,'elena.auto@gmail.com','Жена сначала скептически относилась, теперь сама говорит: надо брать раньше.','2025-12-12 13:25:31',0,14,3),(293,1,129,'anna.cargirl@mail.ru','Смотрел лично в салоне. Интерьер впечатляет, всё подогнано ровно.','2026-02-05 04:25:31',0,42,4),(294,1,152,'elena.auto@gmail.com','Машина тихая, особенно на скорости. Звукоизоляция реально работает.','2025-12-13 01:25:31',0,25,4),(295,1,152,'petrov.victor@mail.ru','Смотрел лично в салоне. Интерьер впечатляет, всё подогнано ровно.','2026-03-03 09:25:31',0,38,4),(296,1,152,'olga.wheels@gmail.com','Рекомендую всем! Уже 4 человека из моего окружения купили такую же.','2026-02-14 17:25:31',0,47,3),(297,1,152,'ivan.avto@yandex.ru','Ездили на тест. Динамика хорошая, руль информативный. Подвеска мягкая.','2026-02-22 10:25:31',0,43,4),(298,1,164,'maxim.china@gmail.com','Проехал 10000 км — никаких нареканий. Расход на трассе 5.2 л/100 км.','2026-01-23 12:25:31',0,27,3),(299,1,164,'orlova.maya@yandex.ru','Несколько лет смотрел на этот бренд с опаской, теперь понимаю зря сомневался.','2026-02-09 16:25:31',0,14,3),(300,1,164,'nazarov.andrei@yandex.ru','Смотрел лично в салоне. Интерьер впечатляет, всё подогнано ровно.','2026-02-08 04:25:31',0,31,3),(301,1,164,'aleksei.motors@mail.ru','Машина тихая, особенно на скорости. Звукоизоляция реально работает.','2026-02-05 21:25:31',0,27,4),(302,1,164,'olga.wheels@gmail.com','Смотрел лично в салоне. Интерьер впечатляет, всё подогнано ровно.','2026-02-15 19:25:31',0,12,3),(303,1,168,'maxim.china@gmail.com','Зарядная инфраструктура в городе уже хорошая. У дома есть зарядка.','2025-11-11 09:25:31',0,34,4),(304,1,168,'sergei.speed@yandex.ru','Цена немного высоковата, но за такое качество — терпимо. Беру!','2025-11-17 03:25:31',0,35,3),(305,1,168,'elena.auto@gmail.com','Отличный вариант для семьи! Багажник большой, посадка удобная для всех.','2026-03-02 18:25:31',0,17,3),(306,1,168,'orlova.maya@yandex.ru','Тяга у электро версии просто зверская. Стартует мгновенно!','2025-12-20 21:25:31',0,11,3),(307,1,168,'elena.auto@gmail.com','Адаптивный круиз — реально полезная вещь на трассе. Руки не устают.','2026-02-07 11:25:31',0,49,3),(308,1,28,'olga.wheels@gmail.com','Батарея заряжается до 80% за 25 минут. Расход на трассе минимальный.','2026-01-16 09:25:31',0,37,4),(309,1,28,'orlova.maya@yandex.ru','Зарядная инфраструктура в городе уже хорошая. У дома есть зарядка.','2025-11-18 05:25:31',0,35,3),(310,1,28,'olga.wheels@gmail.com','Пересел с японца на этого китайца и не пожалел. Качество сборки на высоте.','2025-12-28 08:25:31',0,23,4),(311,1,28,'aleksei.motors@mail.ru','5 звёзд от Euro NCAP. AEB работает — уже тормозил на пешехода автоматически.','2025-11-24 20:25:31',0,48,3),(312,1,37,'elena.auto@gmail.com','За год эксплуатации ни одного похода в сервис кроме ТО. Надёжно!','2026-01-17 07:25:31',0,40,4),(313,1,37,'svetlana.drive@mail.ru','Салон шикарный, кресла с вентиляцией. Для такой цены конкурентов нет.','2025-11-19 05:25:31',0,39,4),(314,1,37,'anna.cargirl@mail.ru','Батарея заряжается до 80% за 25 минут. Расход на трассе минимальный.','2026-01-01 05:25:31',0,3,3),(315,1,40,'olga.wheels@gmail.com','Салон шикарный, кресла с вентиляцией. Для такой цены конкурентов нет.','2026-02-17 08:25:31',0,7,4),(316,1,40,'dmitry.wheel@yandex.ru','Смотрел лично в салоне. Интерьер впечатляет, всё подогнано ровно.','2026-02-21 17:25:31',0,29,3),(317,1,62,'sergei.speed@yandex.ru','Батарея заряжается до 80% за 25 минут. Расход на трассе минимальный.','2025-11-18 05:25:31',0,11,3),(318,1,62,'orlova.maya@yandex.ru','Смотрел лично в салоне. Интерьер впечатляет, всё подогнано ровно.','2025-11-16 23:25:31',0,12,4),(319,1,62,'aleksei.motors@mail.ru','Взял кредит на 3 года. Ежемесячный платёж небольшой, а машина премиум-класса.','2025-11-08 17:25:31',0,24,4),(320,1,66,'elena.auto@gmail.com','Жена сначала скептически относилась, теперь сама говорит: надо брать раньше.','2025-11-27 04:25:31',0,10,4),(321,1,66,'olga.wheels@gmail.com','Купил месяц назад, очень доволен. За эти деньги лучший вариант на рынке.','2026-01-11 10:25:31',0,47,4),(322,1,66,'aleksei.motors@mail.ru','Зарядная инфраструктура в городе уже хорошая. У дома есть зарядка.','2025-12-30 20:25:31',0,8,4),(323,1,69,'petrov.victor@mail.ru','Отличная машина! Брал на тест-драйв — впечатления супер. Салон просто космос!','2025-11-22 22:25:31',0,13,4),(324,1,69,'smirnova.oksana@gmail.com','5 звёзд от Euro NCAP. AEB работает — уже тормозил на пешехода автоматически.','2025-12-08 17:25:31',0,44,3),(325,1,69,'svetlana.drive@mail.ru','Батарея заряжается до 80% за 25 минут. Расход на трассе минимальный.','2025-11-20 10:25:31',0,28,4),(326,1,69,'nikolai.rider@inbox.ru','Батарея заряжается до 80% за 25 минут. Расход на трассе минимальный.','2026-02-22 03:25:31',0,45,3),(327,1,69,'orlova.maya@yandex.ru','Немцы и японцы с таким ценником проигрывают в оснащении. Рекомендую!','2026-02-22 22:25:31',0,19,3),(328,1,118,'dmitry.wheel@yandex.ru','Ездили на тест. Динамика хорошая, руль информативный. Подвеска мягкая.','2025-11-10 21:25:31',0,5,4),(329,1,118,'ivan.avto@yandex.ru','Немцы и японцы с таким ценником проигрывают в оснащении. Рекомендую!','2026-02-19 22:25:31',0,36,4),(330,1,118,'svetlana.drive@mail.ru','Тяга у электро версии просто зверская. Стартует мгновенно!','2025-11-10 03:25:31',0,40,4),(331,1,118,'elena.auto@gmail.com','Отличный вариант для семьи! Багажник большой, посадка удобная для всех.','2026-01-11 16:25:31',0,13,3),(332,1,118,'svetlana.drive@mail.ru','Технологий внутри больше, чем ожидал. Голосовое управление работает!','2026-01-03 10:25:31',0,37,3),(333,1,118,'sergei.speed@yandex.ru','Тяга у электро версии просто зверская. Стартует мгновенно!','2026-01-20 08:25:31',0,39,4),(334,1,122,'sergei.speed@yandex.ru','Жена сначала скептически относилась, теперь сама говорит: надо брать раньше.','2025-11-18 14:25:31',0,32,3),(335,1,122,'elena.auto@gmail.com','Купил месяц назад, очень доволен. За эти деньги лучший вариант на рынке.','2026-02-06 03:25:31',0,19,4),(336,1,122,'elena.auto@gmail.com','Отличная машина! Брал на тест-драйв — впечатления супер. Салон просто космос!','2026-02-04 04:25:31',0,29,3),(337,1,130,'nazarov.andrei@yandex.ru','Немцы и японцы с таким ценником проигрывают в оснащении. Рекомендую!','2025-11-11 15:25:31',0,35,3),(338,1,130,'elena.auto@gmail.com','Взял для городских поездок. Маневренный, камера 360 градусов.','2026-02-28 19:25:31',0,15,4),(339,1,130,'elena.auto@gmail.com','Взял для городских поездок. Маневренный, камера 360 градусов.','2025-12-02 14:25:31',0,45,3),(340,1,130,'nazarov.andrei@yandex.ru','Взял кредит на 3 года. Ежемесячный платёж небольшой, а машина премиум-класса.','2025-12-10 05:25:31',0,34,4),(341,1,130,'smirnova.oksana@gmail.com','Рекомендую всем! Уже 4 человека из моего окружения купили такую же.','2026-01-13 18:25:31',0,3,4),(342,1,130,'elena.auto@gmail.com','Технологий внутри больше, чем ожидал. Голосовое управление работает!','2026-02-07 15:25:31',0,2,4),(343,1,140,'maxim.china@gmail.com','Цена немного высоковата, но за такое качество — терпимо. Беру!','2026-02-05 17:25:31',0,25,4),(344,1,140,'kovalev.petr@mail.ru','Батарея заряжается до 80% за 25 минут. Расход на трассе минимальный.','2025-12-20 13:25:31',0,38,3),(345,1,140,'kovalev.petr@mail.ru','Купил месяц назад, очень доволен. За эти деньги лучший вариант на рынке.','2025-12-05 22:25:31',0,34,4),(346,1,140,'sergei.speed@yandex.ru','Купил месяц назад, очень доволен. За эти деньги лучший вариант на рынке.','2025-12-01 08:25:31',0,34,3),(347,1,140,'petrov.victor@mail.ru','Рекомендую всем! Уже 4 человека из моего окружения купили такую же.','2026-02-12 12:25:31',0,29,4),(348,1,155,'anna.cargirl@mail.ru','Адаптивный круиз — реально полезная вещь на трассе. Руки не устают.','2025-11-30 18:25:31',0,39,4),(349,1,155,'orlova.maya@yandex.ru','Батарея заряжается до 80% за 25 минут. Расход на трассе минимальный.','2026-02-18 07:25:31',0,42,3),(350,1,155,'elena.auto@gmail.com','Технологий внутри больше, чем ожидал. Голосовое управление работает!','2026-03-06 00:25:31',0,43,4),(351,1,158,'petrov.victor@mail.ru','Отличный вариант для семьи! Багажник большой, посадка удобная для всех.','2025-12-17 17:25:31',0,13,3),(352,1,158,'nikolai.rider@inbox.ru','Ездили на тест. Динамика хорошая, руль информативный. Подвеска мягкая.','2026-02-03 07:25:31',0,46,4),(353,1,158,'aleksei.motors@mail.ru','Цена немного высоковата, но за такое качество — терпимо. Беру!','2025-12-30 20:25:31',0,44,4),(354,1,158,'smirnova.oksana@gmail.com','Несколько лет смотрел на этот бренд с опаской, теперь понимаю зря сомневался.','2026-01-01 10:25:31',0,25,4),(355,1,158,'smirnova.oksana@gmail.com','Заряжаю дома от розетки 220V. На 100 км уходит около 80 рублей.','2026-01-30 20:25:31',0,26,3),(356,1,158,'sergei.speed@yandex.ru','За год эксплуатации ни одного похода в сервис кроме ТО. Надёжно!','2025-12-27 11:25:31',0,3,3),(357,1,166,'olga.wheels@gmail.com','Цена немного высоковата, но за такое качество — терпимо. Беру!','2025-12-10 04:25:31',0,38,4),(358,1,166,'olga.wheels@gmail.com','Зарядная инфраструктура в городе уже хорошая. У дома есть зарядка.','2026-03-05 06:25:31',0,34,4),(359,1,166,'elena.auto@gmail.com','За год эксплуатации ни одного похода в сервис кроме ТО. Надёжно!','2025-12-18 22:25:31',0,47,4),(360,1,166,'smirnova.oksana@gmail.com','Отличный вариант для семьи! Багажник большой, посадка удобная для всех.','2025-12-23 12:25:31',0,20,3),(361,1,174,'anna.cargirl@mail.ru','Рекомендую всем! Уже 4 человека из моего окружения купили такую же.','2026-01-09 15:25:31',0,13,4),(362,1,174,'nazarov.andrei@yandex.ru','Рекомендую всем! Уже 4 человека из моего окружения купили такую же.','2026-02-08 03:25:31',0,21,3),(363,1,174,'dmitry.wheel@yandex.ru','Тяга у электро версии просто зверская. Стартует мгновенно!','2025-12-09 12:25:31',0,23,3),(364,1,174,'nazarov.andrei@yandex.ru','Пересел с японца на этого китайца и не пожалел. Качество сборки на высоте.','2025-12-08 23:25:31',0,22,4),(365,1,183,'dmitry.wheel@yandex.ru','Заряжаю дома от розетки 220V. На 100 км уходит около 80 рублей.','2025-12-10 12:25:31',0,30,3),(366,1,183,'elena.auto@gmail.com','Купил месяц назад, очень доволен. За эти деньги лучший вариант на рынке.','2025-11-15 20:25:31',0,8,4),(367,1,183,'orlova.maya@yandex.ru','Отличный вариант для семьи! Багажник большой, посадка удобная для всех.','2025-12-11 22:25:31',0,45,4),(368,1,183,'nazarov.andrei@yandex.ru','Купил месяц назад, очень доволен. За эти деньги лучший вариант на рынке.','2025-11-26 04:25:31',0,2,4),(369,1,183,'aleksei.motors@mail.ru','За год эксплуатации ни одного похода в сервис кроме ТО. Надёжно!','2026-01-10 12:25:31',0,27,4),(370,1,183,'anna.cargirl@mail.ru','Салон шикарный, кресла с вентиляцией. Для такой цены конкурентов нет.','2026-02-23 01:25:31',0,38,4),(371,1,185,'svetlana.drive@mail.ru','В реальности всё ещё лучше чем в обзорах. Качество пластика удивляет.','2026-03-02 01:25:31',0,0,3),(372,1,185,'anna.cargirl@mail.ru','Пересел с японца на этого китайца и не пожалел. Качество сборки на высоте.','2025-12-20 03:25:31',0,41,3),(373,1,185,'aleksei.motors@mail.ru','Рекомендую всем! Уже 4 человека из моего окружения купили такую же.','2025-11-16 11:25:31',0,44,3),(374,1,186,'ivan.avto@yandex.ru','Рекомендую всем! Уже 4 человека из моего окружения купили такую же.','2026-01-25 12:25:31',0,6,3),(375,1,186,'petrov.victor@mail.ru','В реальности всё ещё лучше чем в обзорах. Качество пластика удивляет.','2026-01-08 12:25:31',0,13,4),(376,1,186,'elena.auto@gmail.com','Проехал 10000 км — никаких нареканий. Расход на трассе 5.2 л/100 км.','2026-01-17 12:25:31',0,17,4),(377,1,186,'sergei.speed@yandex.ru','Несколько лет смотрел на этот бренд с опаской, теперь понимаю зря сомневался.','2025-12-09 23:25:31',0,28,3),(378,1,44,'olga.wheels@gmail.com','Смотрел лично в салоне. Интерьер впечатляет, всё подогнано ровно.','2026-02-23 16:25:31',0,17,4),(379,1,44,'kovalev.petr@mail.ru','Отличный вариант для семьи! Багажник большой, посадка удобная для всех.','2026-01-28 07:25:31',0,36,3),(380,1,44,'nazarov.andrei@yandex.ru','5 звёзд от Euro NCAP. AEB работает — уже тормозил на пешехода автоматически.','2026-01-07 12:25:31',0,14,3),(381,1,44,'svetlana.drive@mail.ru','Смотрел лично в салоне. Интерьер впечатляет, всё подогнано ровно.','2026-01-26 09:25:31',0,5,4),(382,1,48,'nikolai.rider@inbox.ru','Отличная машина! Брал на тест-драйв — впечатления супер. Салон просто космос!','2025-11-28 20:25:31',0,11,4),(383,1,48,'dmitry.wheel@yandex.ru','Машина тихая, особенно на скорости. Звукоизоляция реально работает.','2026-01-31 23:25:31',0,4,4),(384,1,48,'petrov.victor@mail.ru','Взял для городских поездок. Маневренный, камера 360 градусов.','2026-02-08 17:25:31',0,20,4),(385,1,48,'kovalev.petr@mail.ru','Купил месяц назад, очень доволен. За эти деньги лучший вариант на рынке.','2026-02-06 15:25:31',0,19,3),(386,1,48,'petrov.victor@mail.ru','В реальности всё ещё лучше чем в обзорах. Качество пластика удивляет.','2025-12-25 13:25:31',0,19,3),(387,1,48,'dmitry.wheel@yandex.ru','Смотрел лично в салоне. Интерьер впечатляет, всё подогнано ровно.','2025-12-02 06:25:31',0,39,4),(388,1,52,'anna.cargirl@mail.ru','Немцы и японцы с таким ценником проигрывают в оснащении. Рекомендую!','2026-03-05 23:25:31',0,38,3),(389,1,52,'sergei.speed@yandex.ru','Батарея заряжается до 80% за 25 минут. Расход на трассе минимальный.','2025-11-22 03:25:31',0,42,4),(390,1,52,'maxim.china@gmail.com','Отличный вариант для семьи! Багажник большой, посадка удобная для всех.','2026-01-30 04:25:31',0,31,3),(391,1,53,'orlova.maya@yandex.ru','Взял для городских поездок. Маневренный, камера 360 градусов.','2025-11-21 14:25:31',0,16,3),(392,1,53,'svetlana.drive@mail.ru','Зарядная инфраструктура в городе уже хорошая. У дома есть зарядка.','2026-01-15 08:25:31',0,23,3),(393,1,53,'petrov.victor@mail.ru','Салон шикарный, кресла с вентиляцией. Для такой цены конкурентов нет.','2025-11-11 05:25:31',0,13,3),(394,1,67,'orlova.maya@yandex.ru','Адаптивный круиз — реально полезная вещь на трассе. Руки не устают.','2026-02-07 19:25:31',0,46,3),(395,1,67,'maxim.china@gmail.com','Смотрел лично в салоне. Интерьер впечатляет, всё подогнано ровно.','2025-11-19 18:25:31',0,33,3),(396,1,84,'sergei.speed@yandex.ru','За год эксплуатации ни одного похода в сервис кроме ТО. Надёжно!','2026-02-21 20:25:31',0,13,4),(397,1,84,'anna.cargirl@mail.ru','Зарядная инфраструктура в городе уже хорошая. У дома есть зарядка.','2025-11-09 06:25:31',0,37,3),(398,1,87,'petrov.victor@mail.ru','Купил месяц назад, очень доволен. За эти деньги лучший вариант на рынке.','2026-01-05 20:25:31',0,22,4),(399,1,87,'nikolai.rider@inbox.ru','Салон шикарный, кресла с вентиляцией. Для такой цены конкурентов нет.','2026-01-01 20:25:31',0,42,4),(400,1,87,'sergei.speed@yandex.ru','Заряжаю дома от розетки 220V. На 100 км уходит около 80 рублей.','2025-12-17 23:25:31',0,35,4),(401,1,87,'ivan.avto@yandex.ru','Технологий внутри больше, чем ожидал. Голосовое управление работает!','2025-11-24 15:25:31',0,17,3),(402,1,87,'orlova.maya@yandex.ru','Несколько лет смотрел на этот бренд с опаской, теперь понимаю зря сомневался.','2025-12-29 20:25:31',0,22,4),(403,1,95,'sergei.speed@yandex.ru','В реальности всё ещё лучше чем в обзорах. Качество пластика удивляет.','2025-12-20 15:25:31',0,25,4),(404,1,95,'maxim.china@gmail.com','Немцы и японцы с таким ценником проигрывают в оснащении. Рекомендую!','2026-02-23 07:25:31',0,3,4),(405,1,100,'petrov.victor@mail.ru','Тяга у электро версии просто зверская. Стартует мгновенно!','2025-11-08 07:25:31',0,18,3),(406,1,100,'nikolai.rider@inbox.ru','Машина тихая, особенно на скорости. Звукоизоляция реально работает.','2025-12-12 07:25:31',0,44,3),(407,1,100,'ivan.avto@yandex.ru','Жена сначала скептически относилась, теперь сама говорит: надо брать раньше.','2025-12-02 05:25:31',0,14,3),(408,1,100,'maxim.china@gmail.com','Ездили на тест. Динамика хорошая, руль информативный. Подвеска мягкая.','2026-02-08 10:25:31',0,47,4),(409,1,100,'svetlana.drive@mail.ru','Машина тихая, особенно на скорости. Звукоизоляция реально работает.','2025-12-07 17:25:31',0,49,3),(410,1,100,'olga.wheels@gmail.com','Жена сначала скептически относилась, теперь сама говорит: надо брать раньше.','2026-03-04 18:25:31',0,40,3),(411,1,157,'elena.auto@gmail.com','Цена немного высоковата, но за такое качество — терпимо. Беру!','2025-12-12 01:25:31',0,18,3),(412,1,157,'anna.cargirl@mail.ru','Машина тихая, особенно на скорости. Звукоизоляция реально работает.','2026-01-29 14:25:31',0,5,3),(413,1,157,'nazarov.andrei@yandex.ru','5 звёзд от Euro NCAP. AEB работает — уже тормозил на пешехода автоматически.','2025-11-29 00:25:31',0,4,3),(414,1,157,'anna.cargirl@mail.ru','Жена сначала скептически относилась, теперь сама говорит: надо брать раньше.','2025-12-20 10:25:31',0,8,4),(415,1,157,'smirnova.oksana@gmail.com','Салон шикарный, кресла с вентиляцией. Для такой цены конкурентов нет.','2025-12-22 18:25:31',0,44,4),(416,1,167,'ivan.avto@yandex.ru','5 звёзд от Euro NCAP. AEB работает — уже тормозил на пешехода автоматически.','2026-03-04 20:25:31',0,10,4),(417,1,167,'maxim.china@gmail.com','В реальности всё ещё лучше чем в обзорах. Качество пластика удивляет.','2025-12-15 19:25:31',0,15,4),(418,1,188,'svetlana.drive@mail.ru','Рекомендую всем! Уже 4 человека из моего окружения купили такую же.','2026-01-24 22:25:31',0,41,3),(419,1,188,'petrov.victor@mail.ru','Взял кредит на 3 года. Ежемесячный платёж небольшой, а машина премиум-класса.','2025-11-22 22:25:31',0,16,4),(420,1,188,'kovalev.petr@mail.ru','Батарея заряжается до 80% за 25 минут. Расход на трассе минимальный.','2026-01-30 14:25:31',0,31,4),(421,1,202,'olga.wheels@gmail.com','Батарея заряжается до 80% за 25 минут. Расход на трассе минимальный.','2026-02-06 14:25:31',0,35,4),(422,1,202,'nazarov.andrei@yandex.ru','Зарядная инфраструктура в городе уже хорошая. У дома есть зарядка.','2025-12-03 19:25:31',0,32,3),(423,1,202,'petrov.victor@mail.ru','Проехал 10000 км — никаких нареканий. Расход на трассе 5.2 л/100 км.','2026-01-22 11:25:31',0,46,3),(424,1,202,'anna.cargirl@mail.ru','5 звёзд от Euro NCAP. AEB работает — уже тормозил на пешехода автоматически.','2026-02-26 11:25:31',0,24,4),(425,1,202,'anna.cargirl@mail.ru','Отличный вариант для семьи! Багажник большой, посадка удобная для всех.','2025-12-28 03:25:31',0,13,4),(426,1,204,'smirnova.oksana@gmail.com','Цена немного высоковата, но за такое качество — терпимо. Беру!','2026-01-30 14:25:31',0,20,4),(427,1,204,'smirnova.oksana@gmail.com','Купил месяц назад, очень доволен. За эти деньги лучший вариант на рынке.','2026-02-07 21:25:31',0,42,4),(428,1,210,'olga.wheels@gmail.com','Машина тихая, особенно на скорости. Звукоизоляция реально работает.','2026-02-04 04:25:31',0,23,4),(429,1,210,'ivan.avto@yandex.ru','Купил месяц назад, очень доволен. За эти деньги лучший вариант на рынке.','2026-02-03 06:25:31',0,46,4),(430,1,210,'orlova.maya@yandex.ru','Пересел с японца на этого китайца и не пожалел. Качество сборки на высоте.','2026-02-20 05:25:31',0,47,3),(431,1,210,'petrov.victor@mail.ru','Жена сначала скептически относилась, теперь сама говорит: надо брать раньше.','2026-01-16 10:25:31',0,18,4),(432,1,210,'maxim.china@gmail.com','Батарея заряжается до 80% за 25 минут. Расход на трассе минимальный.','2025-11-26 15:25:31',0,6,3),(433,1,219,'sergei.speed@yandex.ru','Взял для городских поездок. Маневренный, камера 360 градусов.','2025-12-03 17:25:31',0,44,3),(434,1,219,'aleksei.motors@mail.ru','Взял для городских поездок. Маневренный, камера 360 градусов.','2025-11-10 08:25:31',0,33,3),(435,1,219,'anna.cargirl@mail.ru','Несколько лет смотрел на этот бренд с опаской, теперь понимаю зря сомневался.','2026-02-21 22:25:31',0,43,4),(436,1,219,'elena.auto@gmail.com','Цена немного высоковата, но за такое качество — терпимо. Беру!','2025-11-18 16:25:31',0,10,4),(437,1,219,'smirnova.oksana@gmail.com','Машина тихая, особенно на скорости. Звукоизоляция реально работает.','2025-12-12 13:25:31',0,43,4),(438,1,42,'maxim.china@gmail.com','Проехал 10000 км — никаких нареканий. Расход на трассе 5.2 л/100 км.','2025-11-22 22:25:31',0,26,4),(439,1,42,'svetlana.drive@mail.ru','Взял для городских поездок. Маневренный, камера 360 градусов.','2026-01-18 03:25:31',0,10,4),(440,1,42,'ivan.avto@yandex.ru','Цена немного высоковата, но за такое качество — терпимо. Беру!','2025-12-26 18:25:31',0,27,4),(441,1,76,'anna.cargirl@mail.ru','Заряжаю дома от розетки 220V. На 100 км уходит около 80 рублей.','2025-12-28 07:25:31',0,39,3),(442,1,76,'ivan.avto@yandex.ru','Отличная машина! Брал на тест-драйв — впечатления супер. Салон просто космос!','2025-12-16 18:25:31',0,41,4),(443,1,76,'orlova.maya@yandex.ru','Зарядная инфраструктура в городе уже хорошая. У дома есть зарядка.','2025-12-20 13:25:31',0,1,4),(444,1,76,'maxim.china@gmail.com','Проехал 10000 км — никаких нареканий. Расход на трассе 5.2 л/100 км.','2025-12-14 20:25:31',0,8,4),(445,1,76,'aleksei.motors@mail.ru','Проехал 10000 км — никаких нареканий. Расход на трассе 5.2 л/100 км.','2025-12-30 07:25:31',0,43,4),(446,1,76,'aleksei.motors@mail.ru','Отличная машина! Брал на тест-драйв — впечатления супер. Салон просто космос!','2026-02-05 12:25:31',0,38,4),(447,1,80,'nazarov.andrei@yandex.ru','Заряжаю дома от розетки 220V. На 100 км уходит около 80 рублей.','2025-11-30 13:25:31',0,20,4),(448,1,80,'kovalev.petr@mail.ru','Зарядная инфраструктура в городе уже хорошая. У дома есть зарядка.','2026-01-21 01:25:31',0,42,3),(449,1,82,'nikolai.rider@inbox.ru','Отличная машина! Брал на тест-драйв — впечатления супер. Салон просто космос!','2025-11-15 16:25:31',0,1,3),(450,1,82,'petrov.victor@mail.ru','За год эксплуатации ни одного похода в сервис кроме ТО. Надёжно!','2026-02-04 17:25:31',0,27,4),(451,1,82,'dmitry.wheel@yandex.ru','Зарядная инфраструктура в городе уже хорошая. У дома есть зарядка.','2025-11-26 14:25:31',0,14,3),(452,1,82,'svetlana.drive@mail.ru','Салон шикарный, кресла с вентиляцией. Для такой цены конкурентов нет.','2026-02-27 13:25:31',0,15,3),(453,1,119,'nazarov.andrei@yandex.ru','Ездили на тест. Динамика хорошая, руль информативный. Подвеска мягкая.','2025-12-29 15:25:31',0,15,4),(454,1,119,'sergei.speed@yandex.ru','Проехал 10000 км — никаких нареканий. Расход на трассе 5.2 л/100 км.','2025-12-22 16:25:31',0,18,3),(455,1,119,'elena.auto@gmail.com','Батарея заряжается до 80% за 25 минут. Расход на трассе минимальный.','2025-11-10 08:25:31',0,17,3),(456,1,119,'kovalev.petr@mail.ru','Пересел с японца на этого китайца и не пожалел. Качество сборки на высоте.','2025-11-14 13:25:31',0,40,3),(457,1,119,'svetlana.drive@mail.ru','Технологий внутри больше, чем ожидал. Голосовое управление работает!','2025-11-29 10:25:31',0,23,4),(458,1,159,'aleksei.motors@mail.ru','Заряжаю дома от розетки 220V. На 100 км уходит около 80 рублей.','2025-12-25 10:25:31',0,35,3),(459,1,159,'smirnova.oksana@gmail.com','Отличная машина! Брал на тест-драйв — впечатления супер. Салон просто космос!','2025-11-20 19:25:31',0,49,3),(460,1,159,'kovalev.petr@mail.ru','Отличный вариант для семьи! Багажник большой, посадка удобная для всех.','2026-02-18 23:25:31',0,1,4),(461,1,159,'petrov.victor@mail.ru','Рекомендую всем! Уже 4 человека из моего окружения купили такую же.','2025-12-12 21:25:31',0,37,4),(462,1,162,'petrov.victor@mail.ru','Адаптивный круиз — реально полезная вещь на трассе. Руки не устают.','2026-01-13 16:25:31',0,0,3),(463,1,162,'dmitry.wheel@yandex.ru','Салон шикарный, кресла с вентиляцией. Для такой цены конкурентов нет.','2025-11-23 05:25:31',0,38,3),(464,1,162,'petrov.victor@mail.ru','Заряжаю дома от розетки 220V. На 100 км уходит около 80 рублей.','2025-12-29 07:25:31',0,8,3),(465,1,162,'sergei.speed@yandex.ru','Взял для городских поездок. Маневренный, камера 360 градусов.','2025-12-17 07:25:31',0,8,3),(466,1,162,'olga.wheels@gmail.com','Взял кредит на 3 года. Ежемесячный платёж небольшой, а машина премиум-класса.','2025-12-18 16:25:31',0,21,4),(467,1,162,'svetlana.drive@mail.ru','Пересел с японца на этого китайца и не пожалел. Качество сборки на высоте.','2026-01-20 21:25:31',0,3,3),(468,1,173,'kovalev.petr@mail.ru','Тяга у электро версии просто зверская. Стартует мгновенно!','2026-01-27 01:25:31',0,24,4),(469,1,173,'aleksei.motors@mail.ru','Немцы и японцы с таким ценником проигрывают в оснащении. Рекомендую!','2026-01-01 22:25:31',0,15,4),(470,1,173,'nazarov.andrei@yandex.ru','Отличная машина! Брал на тест-драйв — впечатления супер. Салон просто космос!','2025-12-03 23:25:31',0,39,3),(471,1,32,'nazarov.andrei@yandex.ru','Немцы и японцы с таким ценником проигрывают в оснащении. Рекомендую!','2026-02-12 01:25:31',0,10,3),(472,1,32,'olga.wheels@gmail.com','Взял для городских поездок. Маневренный, камера 360 градусов.','2026-01-24 06:25:31',0,47,3),(473,1,32,'aleksei.motors@mail.ru','Ездили на тест. Динамика хорошая, руль информативный. Подвеска мягкая.','2026-01-11 03:25:31',0,34,3),(474,1,32,'nazarov.andrei@yandex.ru','Проехал 10000 км — никаких нареканий. Расход на трассе 5.2 л/100 км.','2026-01-21 07:25:31',0,33,4),(475,1,32,'anna.cargirl@mail.ru','Заряжаю дома от розетки 220V. На 100 км уходит около 80 рублей.','2025-12-01 16:25:31',0,42,3),(476,1,32,'anna.cargirl@mail.ru','Купил месяц назад, очень доволен. За эти деньги лучший вариант на рынке.','2026-02-16 07:25:31',0,27,4),(477,1,33,'svetlana.drive@mail.ru','Взял для городских поездок. Маневренный, камера 360 градусов.','2026-02-14 18:25:31',0,49,4),(478,1,33,'nikolai.rider@inbox.ru','Немцы и японцы с таким ценником проигрывают в оснащении. Рекомендую!','2026-01-19 23:25:31',0,16,4),(479,1,33,'smirnova.oksana@gmail.com','Технологий внутри больше, чем ожидал. Голосовое управление работает!','2025-12-06 16:25:31',0,25,3),(480,1,33,'dmitry.wheel@yandex.ru','Цена немного высоковата, но за такое качество — терпимо. Беру!','2026-01-07 23:25:31',0,28,3),(481,1,33,'anna.cargirl@mail.ru','Взял для городских поездок. Маневренный, камера 360 градусов.','2025-12-23 21:25:31',0,14,3),(482,1,33,'petrov.victor@mail.ru','Адаптивный круиз — реально полезная вещь на трассе. Руки не устают.','2025-11-29 00:25:31',0,44,4),(483,1,64,'svetlana.drive@mail.ru','В реальности всё ещё лучше чем в обзорах. Качество пластика удивляет.','2025-11-19 13:25:31',0,30,3),(484,1,64,'ivan.avto@yandex.ru','В реальности всё ещё лучше чем в обзорах. Качество пластика удивляет.','2026-01-01 10:25:31',0,17,3),(485,1,75,'nazarov.andrei@yandex.ru','Машина тихая, особенно на скорости. Звукоизоляция реально работает.','2026-02-26 12:25:31',0,47,4),(486,1,75,'svetlana.drive@mail.ru','Немцы и японцы с таким ценником проигрывают в оснащении. Рекомендую!','2026-01-07 01:25:31',0,11,3),(487,1,75,'sergei.speed@yandex.ru','Взял кредит на 3 года. Ежемесячный платёж небольшой, а машина премиум-класса.','2026-02-12 04:25:31',0,20,4),(488,1,75,'aleksei.motors@mail.ru','За год эксплуатации ни одного похода в сервис кроме ТО. Надёжно!','2025-11-19 16:25:31',0,28,3),(489,1,75,'nikolai.rider@inbox.ru','Адаптивный круиз — реально полезная вещь на трассе. Руки не устают.','2026-01-17 22:25:31',0,44,3),(490,1,75,'anna.cargirl@mail.ru','Отличная машина! Брал на тест-драйв — впечатления супер. Салон просто космос!','2026-01-01 05:25:31',0,25,4),(491,1,77,'dmitry.wheel@yandex.ru','Несколько лет смотрел на этот бренд с опаской, теперь понимаю зря сомневался.','2025-12-26 06:25:31',0,41,4),(492,1,77,'ivan.avto@yandex.ru','5 звёзд от Euro NCAP. AEB работает — уже тормозил на пешехода автоматически.','2026-03-02 14:25:31',0,2,4),(493,1,86,'petrov.victor@mail.ru','За год эксплуатации ни одного похода в сервис кроме ТО. Надёжно!','2025-12-13 04:25:31',0,36,4),(494,1,86,'nazarov.andrei@yandex.ru','Взял кредит на 3 года. Ежемесячный платёж небольшой, а машина премиум-класса.','2025-12-15 03:25:31',0,21,3),(495,1,86,'sergei.speed@yandex.ru','Заряжаю дома от розетки 220V. На 100 км уходит около 80 рублей.','2025-12-04 23:25:31',0,18,3),(496,1,86,'nikolai.rider@inbox.ru','В реальности всё ещё лучше чем в обзорах. Качество пластика удивляет.','2025-12-14 04:25:31',0,49,3),(497,1,101,'maxim.china@gmail.com','Взял для городских поездок. Маневренный, камера 360 градусов.','2025-12-20 07:25:31',0,19,4),(498,1,101,'petrov.victor@mail.ru','Отличная машина! Брал на тест-драйв — впечатления супер. Салон просто космос!','2025-11-08 14:25:31',0,23,3),(499,1,101,'orlova.maya@yandex.ru','За год эксплуатации ни одного похода в сервис кроме ТО. Надёжно!','2025-11-26 15:25:31',0,26,3),(500,1,110,'ivan.avto@yandex.ru','Тяга у электро версии просто зверская. Стартует мгновенно!','2025-11-08 07:25:31',0,3,3),(501,1,110,'anna.cargirl@mail.ru','Взял кредит на 3 года. Ежемесячный платёж небольшой, а машина премиум-класса.','2026-02-08 12:25:31',0,32,3),(502,1,110,'petrov.victor@mail.ru','Отличный вариант для семьи! Багажник большой, посадка удобная для всех.','2026-01-24 20:25:31',0,47,3),(503,1,110,'svetlana.drive@mail.ru','Взял кредит на 3 года. Ежемесячный платёж небольшой, а машина премиум-класса.','2025-12-19 10:25:31',0,21,3),(504,1,111,'smirnova.oksana@gmail.com','5 звёзд от Euro NCAP. AEB работает — уже тормозил на пешехода автоматически.','2026-01-30 09:25:31',0,10,3),(505,1,111,'svetlana.drive@mail.ru','Смотрел лично в салоне. Интерьер впечатляет, всё подогнано ровно.','2026-01-18 13:25:31',0,45,3),(506,1,111,'aleksei.motors@mail.ru','Цена немного высоковата, но за такое качество — терпимо. Беру!','2025-11-09 17:25:31',0,38,4),(507,1,111,'anna.cargirl@mail.ru','Зарядная инфраструктура в городе уже хорошая. У дома есть зарядка.','2026-01-07 18:25:31',0,38,4),(508,1,111,'aleksei.motors@mail.ru','Адаптивный круиз — реально полезная вещь на трассе. Руки не устают.','2026-01-01 19:25:31',0,49,4),(509,1,128,'kovalev.petr@mail.ru','Зарядная инфраструктура в городе уже хорошая. У дома есть зарядка.','2025-12-30 14:25:31',0,40,4),(510,1,128,'aleksei.motors@mail.ru','Несколько лет смотрел на этот бренд с опаской, теперь понимаю зря сомневался.','2025-12-31 14:25:31',0,42,4),(511,1,128,'dmitry.wheel@yandex.ru','Взял для городских поездок. Маневренный, камера 360 градусов.','2026-01-22 20:25:31',0,28,3),(512,1,128,'anna.cargirl@mail.ru','Машина тихая, особенно на скорости. Звукоизоляция реально работает.','2026-02-20 09:25:31',0,18,4),(513,1,128,'nikolai.rider@inbox.ru','Технологий внутри больше, чем ожидал. Голосовое управление работает!','2026-01-16 00:25:31',0,44,3),(514,1,128,'dmitry.wheel@yandex.ru','Заряжаю дома от розетки 220V. На 100 км уходит около 80 рублей.','2025-11-21 10:25:31',0,0,4),(515,1,136,'elena.auto@gmail.com','Взял для городских поездок. Маневренный, камера 360 градусов.','2026-02-20 23:25:31',0,25,4),(516,1,136,'elena.auto@gmail.com','В реальности всё ещё лучше чем в обзорах. Качество пластика удивляет.','2026-02-07 10:25:31',0,44,4),(517,1,136,'aleksei.motors@mail.ru','Тяга у электро версии просто зверская. Стартует мгновенно!','2025-12-30 17:25:31',0,25,3),(518,1,136,'smirnova.oksana@gmail.com','Адаптивный круиз — реально полезная вещь на трассе. Руки не устают.','2025-11-15 23:25:31',0,12,3),(519,1,172,'sergei.speed@yandex.ru','Машина тихая, особенно на скорости. Звукоизоляция реально работает.','2026-01-06 07:25:31',0,42,4),(520,1,172,'olga.wheels@gmail.com','Взял кредит на 3 года. Ежемесячный платёж небольшой, а машина премиум-класса.','2025-12-20 03:25:31',0,45,3),(521,1,184,'ivan.avto@yandex.ru','Зарядная инфраструктура в городе уже хорошая. У дома есть зарядка.','2026-01-13 18:25:31',0,38,4),(522,1,184,'olga.wheels@gmail.com','Машина тихая, особенно на скорости. Звукоизоляция реально работает.','2025-11-11 06:25:31',0,14,3),(523,1,184,'smirnova.oksana@gmail.com','Проехал 10000 км — никаких нареканий. Расход на трассе 5.2 л/100 км.','2026-02-19 03:25:31',0,19,3),(524,1,184,'anna.cargirl@mail.ru','Отличный вариант для семьи! Багажник большой, посадка удобная для всех.','2026-01-05 12:25:31',0,11,4),(525,1,184,'aleksei.motors@mail.ru','Салон шикарный, кресла с вентиляцией. Для такой цены конкурентов нет.','2025-11-09 13:25:31',0,17,3),(526,1,189,'nikolai.rider@inbox.ru','Салон шикарный, кресла с вентиляцией. Для такой цены конкурентов нет.','2026-02-08 12:25:31',0,12,4),(527,1,189,'orlova.maya@yandex.ru','Купил месяц назад, очень доволен. За эти деньги лучший вариант на рынке.','2025-12-02 06:25:31',0,17,3),(528,1,189,'dmitry.wheel@yandex.ru','Адаптивный круиз — реально полезная вещь на трассе. Руки не устают.','2025-11-26 14:25:31',0,6,3),(529,1,189,'kovalev.petr@mail.ru','Цена немного высоковата, но за такое качество — терпимо. Беру!','2026-01-17 18:25:31',0,10,4),(530,1,197,'anna.cargirl@mail.ru','Зарядная инфраструктура в городе уже хорошая. У дома есть зарядка.','2026-02-04 18:25:31',0,7,3),(531,1,197,'dmitry.wheel@yandex.ru','Купил месяц назад, очень доволен. За эти деньги лучший вариант на рынке.','2025-11-15 01:25:31',0,0,4),(532,1,197,'ivan.avto@yandex.ru','5 звёзд от Euro NCAP. AEB работает — уже тормозил на пешехода автоматически.','2026-01-10 23:25:31',0,31,3),(533,1,197,'aleksei.motors@mail.ru','В реальности всё ещё лучше чем в обзорах. Качество пластика удивляет.','2026-02-05 19:25:31',0,3,4),(534,1,197,'kovalev.petr@mail.ru','Адаптивный круиз — реально полезная вещь на трассе. Руки не устают.','2025-11-15 06:25:31',0,20,4),(535,1,197,'dmitry.wheel@yandex.ru','Жена сначала скептически относилась, теперь сама говорит: надо брать раньше.','2026-01-24 14:25:31',0,1,3),(536,1,201,'smirnova.oksana@gmail.com','Купил месяц назад, очень доволен. За эти деньги лучший вариант на рынке.','2025-11-30 08:25:31',0,24,3),(537,1,201,'petrov.victor@mail.ru','Адаптивный круиз — реально полезная вещь на трассе. Руки не устают.','2025-11-21 05:25:31',0,25,3),(538,1,201,'elena.auto@gmail.com','За год эксплуатации ни одного похода в сервис кроме ТО. Надёжно!','2025-12-09 06:25:31',0,27,4),(539,1,201,'olga.wheels@gmail.com','Несколько лет смотрел на этот бренд с опаской, теперь понимаю зря сомневался.','2026-02-14 12:25:31',0,44,4),(540,1,201,'maxim.china@gmail.com','Смотрел лично в салоне. Интерьер впечатляет, всё подогнано ровно.','2026-02-25 07:25:31',0,39,4),(541,1,208,'olga.wheels@gmail.com','Тяга у электро версии просто зверская. Стартует мгновенно!','2026-02-22 17:25:31',0,12,4),(542,1,208,'dmitry.wheel@yandex.ru','5 звёзд от Euro NCAP. AEB работает — уже тормозил на пешехода автоматически.','2026-02-20 17:25:31',0,35,3),(543,1,208,'orlova.maya@yandex.ru','Смотрел лично в салоне. Интерьер впечатляет, всё подогнано ровно.','2025-11-15 22:25:31',0,46,3),(544,1,208,'smirnova.oksana@gmail.com','Технологий внутри больше, чем ожидал. Голосовое управление работает!','2025-11-22 09:25:31',0,15,3),(545,1,208,'petrov.victor@mail.ru','Технологий внутри больше, чем ожидал. Голосовое управление работает!','2026-02-07 21:25:31',0,34,4),(546,1,208,'olga.wheels@gmail.com','Зарядная инфраструктура в городе уже хорошая. У дома есть зарядка.','2026-02-04 11:25:31',0,36,3),(547,1,214,'anna.cargirl@mail.ru','Жена сначала скептически относилась, теперь сама говорит: надо брать раньше.','2025-11-29 16:25:31',0,39,4),(548,1,214,'petrov.victor@mail.ru','Технологий внутри больше, чем ожидал. Голосовое управление работает!','2026-01-28 04:25:31',0,9,4),(549,1,214,'maxim.china@gmail.com','Батарея заряжается до 80% за 25 минут. Расход на трассе минимальный.','2025-12-28 19:25:31',0,20,3),(550,1,214,'svetlana.drive@mail.ru','Отличная машина! Брал на тест-драйв — впечатления супер. Салон просто космос!','2026-01-14 16:25:31',0,35,3),(551,1,217,'petrov.victor@mail.ru','Немцы и японцы с таким ценником проигрывают в оснащении. Рекомендую!','2026-03-06 17:25:31',0,18,4),(552,1,217,'olga.wheels@gmail.com','За год эксплуатации ни одного похода в сервис кроме ТО. Надёжно!','2026-01-02 10:25:31',0,49,4),(553,1,217,'olga.wheels@gmail.com','Зарядная инфраструктура в городе уже хорошая. У дома есть зарядка.','2025-12-24 11:25:31',0,26,4),(554,1,217,'dmitry.wheel@yandex.ru','Цена немного высоковата, но за такое качество — терпимо. Беру!','2026-02-09 07:25:31',0,18,3),(555,1,217,'nazarov.andrei@yandex.ru','Рекомендую всем! Уже 4 человека из моего окружения купили такую же.','2025-11-22 16:25:31',0,11,4),(556,1,217,'svetlana.drive@mail.ru','Заряжаю дома от розетки 220V. На 100 км уходит около 80 рублей.','2025-12-18 09:25:31',0,20,3),(557,1,35,'kovalev.petr@mail.ru','Жена сначала скептически относилась, теперь сама говорит: надо брать раньше.','2026-01-07 07:25:31',0,23,3),(558,1,35,'maxim.china@gmail.com','За год эксплуатации ни одного похода в сервис кроме ТО. Надёжно!','2025-12-28 21:25:31',0,7,3),(559,1,35,'dmitry.wheel@yandex.ru','Рекомендую всем! Уже 4 человека из моего окружения купили такую же.','2026-02-19 10:25:31',0,15,3),(560,1,35,'orlova.maya@yandex.ru','Машина тихая, особенно на скорости. Звукоизоляция реально работает.','2026-01-05 21:25:31',0,44,4),(561,1,35,'nikolai.rider@inbox.ru','Взял для городских поездок. Маневренный, камера 360 градусов.','2026-01-24 15:25:31',0,29,4),(562,1,36,'smirnova.oksana@gmail.com','За год эксплуатации ни одного похода в сервис кроме ТО. Надёжно!','2025-12-21 11:25:31',0,27,3),(563,1,36,'dmitry.wheel@yandex.ru','Отличный вариант для семьи! Багажник большой, посадка удобная для всех.','2025-11-27 13:25:31',0,40,4),(564,1,36,'smirnova.oksana@gmail.com','Смотрел лично в салоне. Интерьер впечатляет, всё подогнано ровно.','2025-11-30 10:25:31',0,36,4),(565,1,36,'orlova.maya@yandex.ru','Заряжаю дома от розетки 220V. На 100 км уходит около 80 рублей.','2026-01-15 14:25:31',0,15,4),(566,1,36,'nikolai.rider@inbox.ru','Заряжаю дома от розетки 220V. На 100 км уходит около 80 рублей.','2026-02-15 12:25:31',0,39,4),(567,1,55,'smirnova.oksana@gmail.com','Адаптивный круиз — реально полезная вещь на трассе. Руки не устают.','2026-01-13 04:25:31',0,37,3),(568,1,55,'kovalev.petr@mail.ru','Жена сначала скептически относилась, теперь сама говорит: надо брать раньше.','2026-02-05 14:25:31',0,26,3),(569,1,55,'anna.cargirl@mail.ru','Отличная машина! Брал на тест-драйв — впечатления супер. Салон просто космос!','2026-01-27 08:25:31',0,4,3),(570,1,55,'anna.cargirl@mail.ru','Проехал 10000 км — никаких нареканий. Расход на трассе 5.2 л/100 км.','2026-02-07 05:25:31',0,34,3),(571,1,55,'elena.auto@gmail.com','Купил месяц назад, очень доволен. За эти деньги лучший вариант на рынке.','2026-01-18 15:25:31',0,20,4),(572,1,56,'petrov.victor@mail.ru','Салон шикарный, кресла с вентиляцией. Для такой цены конкурентов нет.','2026-01-01 23:25:31',0,13,4),(573,1,56,'orlova.maya@yandex.ru','Адаптивный круиз — реально полезная вещь на трассе. Руки не устают.','2026-02-10 20:25:31',0,9,3),(574,1,72,'kovalev.petr@mail.ru','Цена немного высоковата, но за такое качество — терпимо. Беру!','2026-01-05 13:25:31',0,33,3),(575,1,72,'maxim.china@gmail.com','Отличный вариант для семьи! Багажник большой, посадка удобная для всех.','2025-12-13 17:25:31',0,41,4),(576,1,72,'orlova.maya@yandex.ru','Пересел с японца на этого китайца и не пожалел. Качество сборки на высоте.','2026-02-08 01:25:31',0,34,4),(577,1,72,'orlova.maya@yandex.ru','Ездили на тест. Динамика хорошая, руль информативный. Подвеска мягкая.','2025-12-23 22:25:31',0,42,4),(578,1,96,'ivan.avto@yandex.ru','Проехал 10000 км — никаких нареканий. Расход на трассе 5.2 л/100 км.','2025-12-07 14:25:31',0,30,4),(579,1,96,'kovalev.petr@mail.ru','Ездили на тест. Динамика хорошая, руль информативный. Подвеска мягкая.','2025-11-24 11:25:31',0,39,4),(580,1,98,'ivan.avto@yandex.ru','Отличная машина! Брал на тест-драйв — впечатления супер. Салон просто космос!','2026-02-04 07:25:31',0,46,4),(581,1,98,'aleksei.motors@mail.ru','Заряжаю дома от розетки 220V. На 100 км уходит около 80 рублей.','2026-01-14 23:25:31',0,36,3),(582,1,98,'svetlana.drive@mail.ru','Зарядная инфраструктура в городе уже хорошая. У дома есть зарядка.','2026-02-10 06:25:31',0,46,4),(583,1,98,'sergei.speed@yandex.ru','В реальности всё ещё лучше чем в обзорах. Качество пластика удивляет.','2026-02-15 21:25:31',0,35,3),(584,1,102,'smirnova.oksana@gmail.com','Зарядная инфраструктура в городе уже хорошая. У дома есть зарядка.','2025-12-25 19:25:31',0,21,4),(585,1,102,'elena.auto@gmail.com','Машина тихая, особенно на скорости. Звукоизоляция реально работает.','2025-11-18 07:25:31',0,7,4),(586,1,102,'nazarov.andrei@yandex.ru','Адаптивный круиз — реально полезная вещь на трассе. Руки не устают.','2026-01-11 15:25:31',0,8,4),(587,1,120,'orlova.maya@yandex.ru','Салон шикарный, кресла с вентиляцией. Для такой цены конкурентов нет.','2025-12-24 21:25:31',0,14,3),(588,1,120,'anna.cargirl@mail.ru','Немцы и японцы с таким ценником проигрывают в оснащении. Рекомендую!','2025-12-30 19:25:31',0,8,4),(589,1,120,'aleksei.motors@mail.ru','Несколько лет смотрел на этот бренд с опаской, теперь понимаю зря сомневался.','2025-12-18 16:25:31',0,32,3),(590,1,121,'nazarov.andrei@yandex.ru','Батарея заряжается до 80% за 25 минут. Расход на трассе минимальный.','2026-01-13 20:25:31',0,8,3),(591,1,121,'anna.cargirl@mail.ru','Немцы и японцы с таким ценником проигрывают в оснащении. Рекомендую!','2025-12-18 21:25:31',0,4,4),(592,1,121,'maxim.china@gmail.com','Жена сначала скептически относилась, теперь сама говорит: надо брать раньше.','2026-01-20 08:25:31',0,23,3),(593,1,121,'maxim.china@gmail.com','Проехал 10000 км — никаких нареканий. Расход на трассе 5.2 л/100 км.','2025-11-30 13:25:31',0,46,4),(594,1,121,'svetlana.drive@mail.ru','За год эксплуатации ни одного похода в сервис кроме ТО. Надёжно!','2026-02-12 05:25:31',0,21,4),(595,1,121,'dmitry.wheel@yandex.ru','Салон шикарный, кресла с вентиляцией. Для такой цены конкурентов нет.','2026-02-25 12:25:31',0,7,4),(596,1,126,'aleksei.motors@mail.ru','Заряжаю дома от розетки 220V. На 100 км уходит около 80 рублей.','2025-12-04 23:25:31',0,38,3),(597,1,126,'anna.cargirl@mail.ru','Взял кредит на 3 года. Ежемесячный платёж небольшой, а машина премиум-класса.','2026-01-16 18:25:31',0,5,4),(598,1,126,'petrov.victor@mail.ru','Салон шикарный, кресла с вентиляцией. Для такой цены конкурентов нет.','2025-11-11 09:25:31',0,43,4),(599,1,126,'petrov.victor@mail.ru','Немцы и японцы с таким ценником проигрывают в оснащении. Рекомендую!','2026-01-10 09:25:31',0,8,3),(600,1,126,'sergei.speed@yandex.ru','Купил месяц назад, очень доволен. За эти деньги лучший вариант на рынке.','2026-02-19 18:25:31',0,22,4),(601,1,132,'olga.wheels@gmail.com','5 звёзд от Euro NCAP. AEB работает — уже тормозил на пешехода автоматически.','2025-11-27 22:25:31',0,7,3),(602,1,132,'maxim.china@gmail.com','Смотрел лично в салоне. Интерьер впечатляет, всё подогнано ровно.','2025-11-20 11:25:31',0,26,4),(603,1,132,'elena.auto@gmail.com','Жена сначала скептически относилась, теперь сама говорит: надо брать раньше.','2026-01-26 10:25:31',0,47,3),(604,1,138,'svetlana.drive@mail.ru','Немцы и японцы с таким ценником проигрывают в оснащении. Рекомендую!','2025-12-16 05:25:31',0,3,4),(605,1,138,'elena.auto@gmail.com','За год эксплуатации ни одного похода в сервис кроме ТО. Надёжно!','2026-01-19 05:25:31',0,17,3),(606,1,165,'aleksei.motors@mail.ru','За год эксплуатации ни одного похода в сервис кроме ТО. Надёжно!','2026-01-19 07:25:31',0,4,4),(607,1,165,'aleksei.motors@mail.ru','Взял для городских поездок. Маневренный, камера 360 градусов.','2025-11-28 05:25:31',0,6,3),(608,1,171,'ivan.avto@yandex.ru','Смотрел лично в салоне. Интерьер впечатляет, всё подогнано ровно.','2026-01-20 16:25:31',0,16,4),(609,1,171,'maxim.china@gmail.com','Заряжаю дома от розетки 220V. На 100 км уходит около 80 рублей.','2025-12-28 15:25:31',0,22,3),(610,1,176,'aleksei.motors@mail.ru','Цена немного высоковата, но за такое качество — терпимо. Беру!','2025-12-09 06:25:31',0,11,4),(611,1,176,'orlova.maya@yandex.ru','Взял кредит на 3 года. Ежемесячный платёж небольшой, а машина премиум-класса.','2026-01-06 16:25:31',0,14,4),(612,1,176,'dmitry.wheel@yandex.ru','Немцы и японцы с таким ценником проигрывают в оснащении. Рекомендую!','2025-11-13 23:25:31',0,42,4),(613,1,176,'petrov.victor@mail.ru','Зарядная инфраструктура в городе уже хорошая. У дома есть зарядка.','2025-12-14 17:25:31',0,1,3),(614,1,176,'svetlana.drive@mail.ru','Отличная машина! Брал на тест-драйв — впечатления супер. Салон просто космос!','2026-02-09 16:25:31',0,44,4),(615,1,176,'aleksei.motors@mail.ru','Зарядная инфраструктура в городе уже хорошая. У дома есть зарядка.','2026-02-28 09:25:31',0,34,4),(616,1,187,'svetlana.drive@mail.ru','Ездили на тест. Динамика хорошая, руль информативный. Подвеска мягкая.','2025-11-26 09:25:31',0,20,3),(617,1,187,'maxim.china@gmail.com','Взял для городских поездок. Маневренный, камера 360 градусов.','2025-12-14 23:25:31',0,2,4),(618,1,187,'nikolai.rider@inbox.ru','Заряжаю дома от розетки 220V. На 100 км уходит около 80 рублей.','2026-01-29 22:25:31',0,32,3),(619,1,187,'anna.cargirl@mail.ru','Ездили на тест. Динамика хорошая, руль информативный. Подвеска мягкая.','2026-02-27 01:25:31',0,7,3),(620,1,191,'maxim.china@gmail.com','5 звёзд от Euro NCAP. AEB работает — уже тормозил на пешехода автоматически.','2026-03-02 05:25:31',0,34,4),(621,1,191,'smirnova.oksana@gmail.com','Несколько лет смотрел на этот бренд с опаской, теперь понимаю зря сомневался.','2026-01-13 09:25:31',0,9,3),(622,1,191,'dmitry.wheel@yandex.ru','Отличная машина! Брал на тест-драйв — впечатления супер. Салон просто космос!','2026-02-20 07:25:31',0,9,3),(623,1,191,'maxim.china@gmail.com','Рекомендую всем! Уже 4 человека из моего окружения купили такую же.','2026-03-05 16:25:31',0,40,4),(624,1,191,'svetlana.drive@mail.ru','Отличная машина! Брал на тест-драйв — впечатления супер. Салон просто космос!','2025-11-24 11:25:31',0,28,4),(625,1,196,'elena.auto@gmail.com','Рекомендую всем! Уже 4 человека из моего окружения купили такую же.','2025-11-27 12:25:31',0,27,3),(626,1,196,'ivan.avto@yandex.ru','Жена сначала скептически относилась, теперь сама говорит: надо брать раньше.','2026-01-04 09:25:31',0,22,3),(627,1,196,'smirnova.oksana@gmail.com','В реальности всё ещё лучше чем в обзорах. Качество пластика удивляет.','2026-01-04 12:25:31',0,11,3),(628,1,196,'sergei.speed@yandex.ru','Взял для городских поездок. Маневренный, камера 360 градусов.','2026-02-16 07:25:31',0,46,4),(629,1,200,'kovalev.petr@mail.ru','Адаптивный круиз — реально полезная вещь на трассе. Руки не устают.','2026-02-18 13:25:31',0,33,4),(630,1,200,'ivan.avto@yandex.ru','Проехал 10000 км — никаких нареканий. Расход на трассе 5.2 л/100 км.','2025-11-24 08:25:31',0,23,3),(631,1,200,'nikolai.rider@inbox.ru','Машина тихая, особенно на скорости. Звукоизоляция реально работает.','2025-11-09 13:25:31',0,32,4),(632,1,200,'maxim.china@gmail.com','Цена немного высоковата, но за такое качество — терпимо. Беру!','2025-11-10 09:25:31',0,34,3),(633,1,218,'svetlana.drive@mail.ru','Жена сначала скептически относилась, теперь сама говорит: надо брать раньше.','2025-12-19 13:25:31',0,23,3),(634,1,218,'nikolai.rider@inbox.ru','Тяга у электро версии просто зверская. Стартует мгновенно!','2026-01-29 19:25:31',0,12,4),(635,1,218,'kovalev.petr@mail.ru','Технологий внутри больше, чем ожидал. Голосовое управление работает!','2026-01-23 14:25:31',0,48,3),(636,1,218,'elena.auto@gmail.com','Тяга у электро версии просто зверская. Стартует мгновенно!','2026-01-08 11:25:31',0,34,3),(637,1,57,'ivan.avto@yandex.ru','Батарея заряжается до 80% за 25 минут. Расход на трассе минимальный.','2026-01-17 10:25:31',0,15,3),(638,1,57,'orlova.maya@yandex.ru','Пересел с японца на этого китайца и не пожалел. Качество сборки на высоте.','2026-03-06 04:25:31',0,47,3),(639,1,57,'svetlana.drive@mail.ru','Батарея заряжается до 80% за 25 минут. Расход на трассе минимальный.','2025-12-11 17:25:31',0,40,3),(640,1,78,'dmitry.wheel@yandex.ru','Тяга у электро версии просто зверская. Стартует мгновенно!','2026-02-02 14:25:31',0,43,4),(641,1,78,'olga.wheels@gmail.com','Ездили на тест. Динамика хорошая, руль информативный. Подвеска мягкая.','2025-12-10 08:25:31',0,49,3),(642,1,78,'ivan.avto@yandex.ru','В реальности всё ещё лучше чем в обзорах. Качество пластика удивляет.','2026-02-16 05:25:31',0,29,3),(643,1,78,'kovalev.petr@mail.ru','Заряжаю дома от розетки 220V. На 100 км уходит около 80 рублей.','2026-02-02 04:25:31',0,41,4),(644,1,90,'olga.wheels@gmail.com','Взял для городских поездок. Маневренный, камера 360 градусов.','2026-02-21 03:25:31',0,14,3),(645,1,90,'sergei.speed@yandex.ru','Смотрел лично в салоне. Интерьер впечатляет, всё подогнано ровно.','2026-02-08 05:25:31',0,30,4),(646,1,90,'sergei.speed@yandex.ru','Зарядная инфраструктура в городе уже хорошая. У дома есть зарядка.','2026-02-06 10:25:31',0,45,3),(647,1,90,'sergei.speed@yandex.ru','Смотрел лично в салоне. Интерьер впечатляет, всё подогнано ровно.','2025-12-04 06:25:31',0,15,3),(648,1,90,'kovalev.petr@mail.ru','Заряжаю дома от розетки 220V. На 100 км уходит около 80 рублей.','2026-02-15 07:25:31',0,14,4),(649,1,125,'aleksei.motors@mail.ru','Заряжаю дома от розетки 220V. На 100 км уходит около 80 рублей.','2026-01-26 10:25:31',0,42,4),(650,1,125,'dmitry.wheel@yandex.ru','Взял кредит на 3 года. Ежемесячный платёж небольшой, а машина премиум-класса.','2025-12-08 08:25:31',0,38,4),(651,1,125,'orlova.maya@yandex.ru','Пересел с японца на этого китайца и не пожалел. Качество сборки на высоте.','2025-12-14 20:25:31',0,10,4),(652,1,125,'dmitry.wheel@yandex.ru','Отличная машина! Брал на тест-драйв — впечатления супер. Салон просто космос!','2026-03-01 11:25:31',0,22,3),(653,1,125,'nikolai.rider@inbox.ru','Жена сначала скептически относилась, теперь сама говорит: надо брать раньше.','2026-01-15 03:25:31',0,49,4),(654,1,125,'sergei.speed@yandex.ru','Заряжаю дома от розетки 220V. На 100 км уходит около 80 рублей.','2025-12-02 03:25:31',0,10,3),(655,1,133,'sergei.speed@yandex.ru','Несколько лет смотрел на этот бренд с опаской, теперь понимаю зря сомневался.','2026-02-07 03:25:31',0,30,3),(656,1,133,'kovalev.petr@mail.ru','Заряжаю дома от розетки 220V. На 100 км уходит около 80 рублей.','2025-12-20 15:25:31',0,22,3),(657,1,156,'maxim.china@gmail.com','Проехал 10000 км — никаких нареканий. Расход на трассе 5.2 л/100 км.','2026-02-18 07:25:31',0,41,3),(658,1,156,'anna.cargirl@mail.ru','Купил месяц назад, очень доволен. За эти деньги лучший вариант на рынке.','2025-11-27 16:25:31',0,6,4),(659,1,192,'olga.wheels@gmail.com','Купил месяц назад, очень доволен. За эти деньги лучший вариант на рынке.','2026-01-24 06:25:31',0,40,4),(660,1,192,'anna.cargirl@mail.ru','Тяга у электро версии просто зверская. Стартует мгновенно!','2025-12-14 09:25:31',0,32,4),(661,1,192,'nazarov.andrei@yandex.ru','Жена сначала скептически относилась, теперь сама говорит: надо брать раньше.','2025-11-19 16:25:31',0,35,4),(662,1,192,'anna.cargirl@mail.ru','Купил месяц назад, очень доволен. За эти деньги лучший вариант на рынке.','2026-03-03 05:25:31',0,11,3),(663,1,199,'dmitry.wheel@yandex.ru','В реальности всё ещё лучше чем в обзорах. Качество пластика удивляет.','2026-02-20 09:25:31',0,40,3),(664,1,199,'elena.auto@gmail.com','Машина тихая, особенно на скорости. Звукоизоляция реально работает.','2026-03-03 06:25:31',0,33,4),(665,1,199,'anna.cargirl@mail.ru','Купил месяц назад, очень доволен. За эти деньги лучший вариант на рынке.','2026-01-17 20:25:31',0,23,3),(666,1,199,'ivan.avto@yandex.ru','Салон шикарный, кресла с вентиляцией. Для такой цены конкурентов нет.','2025-12-28 17:25:31',0,22,3),(667,1,199,'kovalev.petr@mail.ru','Отличная машина! Брал на тест-драйв — впечатления супер. Салон просто космос!','2026-01-21 13:25:31',0,28,3),(668,1,199,'olga.wheels@gmail.com','Технологий внутри больше, чем ожидал. Голосовое управление работает!','2025-12-17 13:25:31',0,9,3),(669,1,216,'kovalev.petr@mail.ru','Купил месяц назад, очень доволен. За эти деньги лучший вариант на рынке.','2026-01-19 09:25:31',0,33,3),(670,1,216,'smirnova.oksana@gmail.com','Отличный вариант для семьи! Багажник большой, посадка удобная для всех.','2025-12-26 19:25:31',0,25,3),(671,1,216,'anna.cargirl@mail.ru','Тяга у электро версии просто зверская. Стартует мгновенно!','2025-11-09 08:25:31',0,27,4),(672,1,216,'elena.auto@gmail.com','Батарея заряжается до 80% за 25 минут. Расход на трассе минимальный.','2026-02-18 08:25:31',0,28,3),(673,1,216,'anna.cargirl@mail.ru','Смотрел лично в салоне. Интерьер впечатляет, всё подогнано ровно.','2025-12-28 04:25:31',0,38,4),(674,1,216,'nikolai.rider@inbox.ru','Отличный вариант для семьи! Багажник большой, посадка удобная для всех.','2026-01-17 12:25:31',0,18,3),(675,1,21,'sergei.speed@yandex.ru','Ездили на тест. Динамика хорошая, руль информативный. Подвеска мягкая.','2025-11-25 16:25:31',0,8,4),(676,1,21,'kovalev.petr@mail.ru','Пересел с японца на этого китайца и не пожалел. Качество сборки на высоте.','2026-01-02 22:25:31',0,17,3),(677,1,21,'elena.auto@gmail.com','Батарея заряжается до 80% за 25 минут. Расход на трассе минимальный.','2025-12-21 23:25:31',0,35,4),(678,1,21,'svetlana.drive@mail.ru','Немцы и японцы с таким ценником проигрывают в оснащении. Рекомендую!','2026-01-20 20:25:31',0,48,3),(679,1,21,'kovalev.petr@mail.ru','Отличный вариант для семьи! Багажник большой, посадка удобная для всех.','2025-11-16 17:25:31',0,30,3),(680,1,22,'aleksei.motors@mail.ru','За год эксплуатации ни одного похода в сервис кроме ТО. Надёжно!','2026-02-02 17:25:31',0,39,4),(681,1,22,'kovalev.petr@mail.ru','Немцы и японцы с таким ценником проигрывают в оснащении. Рекомендую!','2026-01-12 17:25:31',0,5,4),(682,1,22,'dmitry.wheel@yandex.ru','За год эксплуатации ни одного похода в сервис кроме ТО. Надёжно!','2025-12-08 17:25:31',0,31,3),(683,1,27,'orlova.maya@yandex.ru','Зарядная инфраструктура в городе уже хорошая. У дома есть зарядка.','2025-12-29 19:25:31',0,13,3),(684,1,27,'anna.cargirl@mail.ru','Ездили на тест. Динамика хорошая, руль информативный. Подвеска мягкая.','2025-12-14 17:25:31',0,2,3),(685,1,27,'elena.auto@gmail.com','Пересел с японца на этого китайца и не пожалел. Качество сборки на высоте.','2025-11-28 17:25:31',0,14,4),(686,1,27,'elena.auto@gmail.com','Смотрел лично в салоне. Интерьер впечатляет, всё подогнано ровно.','2026-01-03 16:25:31',0,23,3),(687,1,38,'svetlana.drive@mail.ru','Отличная машина! Брал на тест-драйв — впечатления супер. Салон просто космос!','2026-01-20 06:25:31',0,14,4),(688,1,38,'anna.cargirl@mail.ru','Купил месяц назад, очень доволен. За эти деньги лучший вариант на рынке.','2026-02-28 21:25:31',0,14,3),(689,1,38,'svetlana.drive@mail.ru','Отличная машина! Брал на тест-драйв — впечатления супер. Салон просто космос!','2025-12-26 15:25:31',0,8,3),(690,1,43,'svetlana.drive@mail.ru','Взял кредит на 3 года. Ежемесячный платёж небольшой, а машина премиум-класса.','2026-02-01 03:25:31',0,39,4),(691,1,43,'smirnova.oksana@gmail.com','В реальности всё ещё лучше чем в обзорах. Качество пластика удивляет.','2026-02-11 05:25:31',0,20,3),(692,1,83,'sergei.speed@yandex.ru','5 звёзд от Euro NCAP. AEB работает — уже тормозил на пешехода автоматически.','2026-01-26 15:25:31',0,3,4),(693,1,83,'petrov.victor@mail.ru','Взял для городских поездок. Маневренный, камера 360 градусов.','2025-11-10 12:25:31',0,11,3),(694,1,83,'dmitry.wheel@yandex.ru','Купил месяц назад, очень доволен. За эти деньги лучший вариант на рынке.','2025-11-11 01:25:31',0,21,4),(695,1,83,'sergei.speed@yandex.ru','Адаптивный круиз — реально полезная вещь на трассе. Руки не устают.','2025-11-15 22:25:31',0,18,3),(696,1,83,'olga.wheels@gmail.com','Батарея заряжается до 80% за 25 минут. Расход на трассе минимальный.','2026-02-22 18:25:31',0,30,4),(697,1,93,'ivan.avto@yandex.ru','Немцы и японцы с таким ценником проигрывают в оснащении. Рекомендую!','2026-03-01 03:25:31',0,35,3),(698,1,93,'kovalev.petr@mail.ru','Отличный вариант для семьи! Багажник большой, посадка удобная для всех.','2026-02-13 04:25:31',0,14,3),(699,1,93,'nazarov.andrei@yandex.ru','Ездили на тест. Динамика хорошая, руль информативный. Подвеска мягкая.','2026-02-07 03:25:31',0,23,4),(700,1,93,'dmitry.wheel@yandex.ru','Купил месяц назад, очень доволен. За эти деньги лучший вариант на рынке.','2026-01-26 18:25:31',0,44,4),(701,1,93,'nazarov.andrei@yandex.ru','Технологий внутри больше, чем ожидал. Голосовое управление работает!','2025-12-14 00:25:31',0,31,4),(702,1,93,'sergei.speed@yandex.ru','Адаптивный круиз — реально полезная вещь на трассе. Руки не устают.','2025-12-27 05:25:31',0,27,4),(703,1,94,'dmitry.wheel@yandex.ru','В реальности всё ещё лучше чем в обзорах. Качество пластика удивляет.','2026-01-23 20:25:31',0,41,4),(704,1,94,'kovalev.petr@mail.ru','Смотрел лично в салоне. Интерьер впечатляет, всё подогнано ровно.','2025-11-29 21:25:31',0,31,4),(705,1,94,'petrov.victor@mail.ru','Взял для городских поездок. Маневренный, камера 360 градусов.','2025-12-05 07:25:31',0,5,3),(706,1,94,'nazarov.andrei@yandex.ru','Машина тихая, особенно на скорости. Звукоизоляция реально работает.','2026-02-10 07:25:31',0,15,3),(707,1,97,'svetlana.drive@mail.ru','Технологий внутри больше, чем ожидал. Голосовое управление работает!','2026-03-05 11:25:31',0,21,4),(708,1,97,'nikolai.rider@inbox.ru','Рекомендую всем! Уже 4 человека из моего окружения купили такую же.','2026-02-28 20:25:31',0,14,3),(709,1,97,'dmitry.wheel@yandex.ru','Ездили на тест. Динамика хорошая, руль информативный. Подвеска мягкая.','2026-02-25 15:25:31',0,48,4),(710,1,97,'maxim.china@gmail.com','Заряжаю дома от розетки 220V. На 100 км уходит около 80 рублей.','2026-01-09 16:25:31',0,27,3),(711,1,97,'nazarov.andrei@yandex.ru','Технологий внутри больше, чем ожидал. Голосовое управление работает!','2025-12-18 18:25:31',0,36,4),(712,1,107,'smirnova.oksana@gmail.com','За год эксплуатации ни одного похода в сервис кроме ТО. Надёжно!','2026-01-08 01:25:31',0,12,3),(713,1,107,'smirnova.oksana@gmail.com','Отличная машина! Брал на тест-драйв — впечатления супер. Салон просто космос!','2025-11-16 05:25:31',0,17,3),(714,1,112,'nazarov.andrei@yandex.ru','Несколько лет смотрел на этот бренд с опаской, теперь понимаю зря сомневался.','2026-03-06 16:25:31',0,11,3),(715,1,112,'nikolai.rider@inbox.ru','За год эксплуатации ни одного похода в сервис кроме ТО. Надёжно!','2026-02-12 13:25:31',0,7,4),(716,1,112,'smirnova.oksana@gmail.com','Пересел с японца на этого китайца и не пожалел. Качество сборки на высоте.','2026-01-02 13:25:31',0,1,4),(717,1,112,'sergei.speed@yandex.ru','Батарея заряжается до 80% за 25 минут. Расход на трассе минимальный.','2026-02-23 14:25:31',0,48,3),(718,1,127,'ivan.avto@yandex.ru','Ездили на тест. Динамика хорошая, руль информативный. Подвеска мягкая.','2026-02-27 14:25:31',0,38,4),(719,1,127,'nazarov.andrei@yandex.ru','Технологий внутри больше, чем ожидал. Голосовое управление работает!','2026-01-22 06:25:31',0,37,4),(720,1,127,'maxim.china@gmail.com','Рекомендую всем! Уже 4 человека из моего окружения купили такую же.','2025-12-16 10:25:31',0,17,4),(721,1,127,'orlova.maya@yandex.ru','Тяга у электро версии просто зверская. Стартует мгновенно!','2026-01-27 09:25:31',0,6,4),(722,1,127,'dmitry.wheel@yandex.ru','Салон шикарный, кресла с вентиляцией. Для такой цены конкурентов нет.','2025-11-23 00:25:31',0,6,4),(723,1,131,'orlova.maya@yandex.ru','Проехал 10000 км — никаких нареканий. Расход на трассе 5.2 л/100 км.','2026-02-07 04:25:31',0,15,4),(724,1,131,'olga.wheels@gmail.com','Рекомендую всем! Уже 4 человека из моего окружения купили такую же.','2025-11-20 18:25:31',0,21,4),(725,1,131,'nazarov.andrei@yandex.ru','За год эксплуатации ни одного похода в сервис кроме ТО. Надёжно!','2026-01-07 09:25:31',0,48,4),(726,1,153,'svetlana.drive@mail.ru','Проехал 10000 км — никаких нареканий. Расход на трассе 5.2 л/100 км.','2026-01-06 12:25:31',0,46,3),(727,1,153,'nazarov.andrei@yandex.ru','Купил месяц назад, очень доволен. За эти деньги лучший вариант на рынке.','2025-12-04 19:25:31',0,47,3),(728,1,153,'smirnova.oksana@gmail.com','Отличный вариант для семьи! Багажник большой, посадка удобная для всех.','2026-03-06 20:25:31',0,48,4),(729,1,153,'orlova.maya@yandex.ru','Немцы и японцы с таким ценником проигрывают в оснащении. Рекомендую!','2026-01-03 19:25:31',0,4,3),(730,1,153,'petrov.victor@mail.ru','5 звёзд от Euro NCAP. AEB работает — уже тормозил на пешехода автоматически.','2026-01-07 08:25:31',0,27,3),(731,1,154,'orlova.maya@yandex.ru','Тяга у электро версии просто зверская. Стартует мгновенно!','2025-12-04 20:25:31',0,34,3),(732,1,154,'nazarov.andrei@yandex.ru','Салон шикарный, кресла с вентиляцией. Для такой цены конкурентов нет.','2026-01-07 11:25:31',0,4,4),(733,1,154,'smirnova.oksana@gmail.com','Проехал 10000 км — никаких нареканий. Расход на трассе 5.2 л/100 км.','2025-11-14 05:25:31',0,12,4),(734,1,154,'maxim.china@gmail.com','Салон шикарный, кресла с вентиляцией. Для такой цены конкурентов нет.','2026-01-21 21:25:31',0,0,3),(735,1,154,'smirnova.oksana@gmail.com','Отличная машина! Брал на тест-драйв — впечатления супер. Салон просто космос!','2025-11-11 20:25:31',0,43,3),(736,1,160,'dmitry.wheel@yandex.ru','Отличная машина! Брал на тест-драйв — впечатления супер. Салон просто космос!','2025-11-18 13:25:31',0,33,3),(737,1,160,'petrov.victor@mail.ru','5 звёзд от Euro NCAP. AEB работает — уже тормозил на пешехода автоматически.','2025-11-17 22:25:31',0,41,3),(738,1,160,'elena.auto@gmail.com','Заряжаю дома от розетки 220V. На 100 км уходит около 80 рублей.','2026-02-14 19:25:31',0,9,4),(739,1,161,'olga.wheels@gmail.com','Взял для городских поездок. Маневренный, камера 360 градусов.','2025-12-02 19:25:31',0,11,4),(740,1,161,'nikolai.rider@inbox.ru','Жена сначала скептически относилась, теперь сама говорит: надо брать раньше.','2025-12-11 13:25:31',0,7,4),(741,1,161,'petrov.victor@mail.ru','Несколько лет смотрел на этот бренд с опаской, теперь понимаю зря сомневался.','2025-11-11 00:25:31',0,46,4),(742,1,161,'ivan.avto@yandex.ru','Отличный вариант для семьи! Багажник большой, посадка удобная для всех.','2026-02-12 17:25:31',0,20,4),(743,1,161,'smirnova.oksana@gmail.com','Проехал 10000 км — никаких нареканий. Расход на трассе 5.2 л/100 км.','2025-12-30 09:25:31',0,46,3),(744,1,169,'ivan.avto@yandex.ru','Отличный вариант для семьи! Багажник большой, посадка удобная для всех.','2026-02-25 08:25:31',0,41,3),(745,1,169,'olga.wheels@gmail.com','Жена сначала скептически относилась, теперь сама говорит: надо брать раньше.','2025-11-15 16:25:31',0,12,4),(746,1,169,'anna.cargirl@mail.ru','Салон шикарный, кресла с вентиляцией. Для такой цены конкурентов нет.','2026-02-06 10:25:31',0,18,3),(747,1,169,'elena.auto@gmail.com','Жена сначала скептически относилась, теперь сама говорит: надо брать раньше.','2025-11-15 21:25:31',0,34,3),(748,1,169,'anna.cargirl@mail.ru','Цена немного высоковата, но за такое качество — терпимо. Беру!','2026-01-20 08:25:31',0,7,3),(749,1,170,'elena.auto@gmail.com','Отличная машина! Брал на тест-драйв — впечатления супер. Салон просто космос!','2026-01-05 17:25:31',0,6,3),(750,1,170,'aleksei.motors@mail.ru','Взял для городских поездок. Маневренный, камера 360 градусов.','2025-12-10 12:25:31',0,41,3),(751,1,175,'aleksei.motors@mail.ru','Проехал 10000 км — никаких нареканий. Расход на трассе 5.2 л/100 км.','2026-01-30 20:25:31',0,26,4),(752,1,175,'nazarov.andrei@yandex.ru','Адаптивный круиз — реально полезная вещь на трассе. Руки не устают.','2025-12-11 18:25:31',0,41,3),(753,1,175,'nikolai.rider@inbox.ru','Тяга у электро версии просто зверская. Стартует мгновенно!','2025-12-03 01:25:31',0,21,3),(754,1,175,'ivan.avto@yandex.ru','Рекомендую всем! Уже 4 человека из моего окружения купили такую же.','2025-11-14 04:25:31',0,17,3),(755,1,175,'petrov.victor@mail.ru','Отличная машина! Брал на тест-драйв — впечатления супер. Салон просто космос!','2026-01-26 19:25:31',0,6,3),(756,1,179,'nazarov.andrei@yandex.ru','Батарея заряжается до 80% за 25 минут. Расход на трассе минимальный.','2026-01-17 17:25:31',0,48,4),(757,1,179,'elena.auto@gmail.com','Немцы и японцы с таким ценником проигрывают в оснащении. Рекомендую!','2026-02-04 04:25:31',0,0,3),(758,1,179,'anna.cargirl@mail.ru','В реальности всё ещё лучше чем в обзорах. Качество пластика удивляет.','2025-11-18 19:25:31',0,29,4),(759,1,179,'svetlana.drive@mail.ru','Жена сначала скептически относилась, теперь сама говорит: надо брать раньше.','2025-11-14 16:25:31',0,10,4),(760,1,179,'kovalev.petr@mail.ru','Зарядная инфраструктура в городе уже хорошая. У дома есть зарядка.','2026-01-21 03:25:31',0,1,4),(761,1,181,'nazarov.andrei@yandex.ru','Немцы и японцы с таким ценником проигрывают в оснащении. Рекомендую!','2026-01-13 14:25:31',0,10,4),(762,1,181,'ivan.avto@yandex.ru','Пересел с японца на этого китайца и не пожалел. Качество сборки на высоте.','2026-02-17 15:25:31',0,1,3),(763,1,181,'petrov.victor@mail.ru','Отличный вариант для семьи! Багажник большой, посадка удобная для всех.','2026-01-28 17:25:31',0,24,3),(764,1,181,'smirnova.oksana@gmail.com','5 звёзд от Euro NCAP. AEB работает — уже тормозил на пешехода автоматически.','2026-02-23 15:25:31',0,4,4),(765,1,181,'nazarov.andrei@yandex.ru','Адаптивный круиз — реально полезная вещь на трассе. Руки не устают.','2026-01-21 03:25:31',0,10,3),(766,1,206,'orlova.maya@yandex.ru','Рекомендую всем! Уже 4 человека из моего окружения купили такую же.','2025-12-08 08:25:31',0,31,4),(767,1,206,'svetlana.drive@mail.ru','Зарядная инфраструктура в городе уже хорошая. У дома есть зарядка.','2025-12-06 05:25:31',0,14,4),(768,1,206,'olga.wheels@gmail.com','Купил месяц назад, очень доволен. За эти деньги лучший вариант на рынке.','2025-11-10 19:25:31',0,36,4),(769,1,206,'kovalev.petr@mail.ru','Взял для городских поездок. Маневренный, камера 360 градусов.','2025-12-11 19:25:31',0,41,4),(770,1,206,'sergei.speed@yandex.ru','Заряжаю дома от розетки 220V. На 100 км уходит около 80 рублей.','2026-02-01 06:25:31',0,18,4),(771,1,206,'kovalev.petr@mail.ru','Несколько лет смотрел на этот бренд с опаской, теперь понимаю зря сомневался.','2026-01-16 21:25:31',0,9,3),(772,1,211,'ivan.avto@yandex.ru','Адаптивный круиз — реально полезная вещь на трассе. Руки не устают.','2026-01-09 21:25:31',0,38,4),(773,1,211,'elena.auto@gmail.com','Адаптивный круиз — реально полезная вещь на трассе. Руки не устают.','2025-11-19 06:25:31',0,21,4),(774,1,211,'orlova.maya@yandex.ru','Технологий внутри больше, чем ожидал. Голосовое управление работает!','2026-02-05 13:25:31',0,32,3),(775,1,211,'maxim.china@gmail.com','Смотрел лично в салоне. Интерьер впечатляет, всё подогнано ровно.','2026-01-22 16:25:31',0,9,4),(776,1,211,'sergei.speed@yandex.ru','Батарея заряжается до 80% за 25 минут. Расход на трассе минимальный.','2025-12-23 22:25:31',0,49,3),(777,1,215,'maxim.china@gmail.com','5 звёзд от Euro NCAP. AEB работает — уже тормозил на пешехода автоматически.','2025-11-23 07:25:31',0,49,4),(778,1,215,'nikolai.rider@inbox.ru','Взял для городских поездок. Маневренный, камера 360 градусов.','2026-02-06 22:25:31',0,39,4),(779,1,215,'elena.auto@gmail.com','Проехал 10000 км — никаких нареканий. Расход на трассе 5.2 л/100 км.','2025-12-20 10:25:31',0,40,3),(780,1,215,'olga.wheels@gmail.com','Машина тихая, особенно на скорости. Звукоизоляция реально работает.','2026-02-22 08:25:31',0,8,3),(781,1,215,'orlova.maya@yandex.ru','Адаптивный круиз — реально полезная вещь на трассе. Руки не устают.','2025-12-10 08:25:31',0,35,4),(782,1,30,'dmitry.wheel@yandex.ru','Взял кредит на 3 года. Ежемесячный платёж небольшой, а машина премиум-класса.','2026-02-25 10:25:31',0,29,3),(783,1,30,'maxim.china@gmail.com','Зарядная инфраструктура в городе уже хорошая. У дома есть зарядка.','2026-01-21 18:25:31',0,13,3),(784,1,30,'smirnova.oksana@gmail.com','Жена сначала скептически относилась, теперь сама говорит: надо брать раньше.','2026-01-25 15:25:31',0,11,3),(785,1,30,'dmitry.wheel@yandex.ru','Проехал 10000 км — никаких нареканий. Расход на трассе 5.2 л/100 км.','2026-03-06 12:25:31',0,4,4),(786,1,30,'elena.auto@gmail.com','Ездили на тест. Динамика хорошая, руль информативный. Подвеска мягкая.','2026-02-23 17:25:31',0,42,3),(787,1,51,'olga.wheels@gmail.com','Взял для городских поездок. Маневренный, камера 360 градусов.','2025-11-08 05:25:31',0,37,3),(788,1,51,'kovalev.petr@mail.ru','Рекомендую всем! Уже 4 человека из моего окружения купили такую же.','2025-11-24 03:25:31',0,40,4),(789,1,51,'dmitry.wheel@yandex.ru','Салон шикарный, кресла с вентиляцией. Для такой цены конкурентов нет.','2025-12-05 16:25:31',0,15,3),(790,1,85,'ivan.avto@yandex.ru','Купил месяц назад, очень доволен. За эти деньги лучший вариант на рынке.','2026-01-04 09:25:31',0,32,4),(791,1,85,'svetlana.drive@mail.ru','Цена немного высоковата, но за такое качество — терпимо. Беру!','2026-03-01 01:25:31',0,13,4),(792,1,85,'ivan.avto@yandex.ru','В реальности всё ещё лучше чем в обзорах. Качество пластика удивляет.','2025-12-22 04:25:31',0,1,4),(793,1,99,'nikolai.rider@inbox.ru','Батарея заряжается до 80% за 25 минут. Расход на трассе минимальный.','2026-01-29 20:25:31',0,6,3),(794,1,99,'svetlana.drive@mail.ru','Купил месяц назад, очень доволен. За эти деньги лучший вариант на рынке.','2026-02-03 09:25:31',0,30,4),(795,1,99,'nazarov.andrei@yandex.ru','Батарея заряжается до 80% за 25 минут. Расход на трассе минимальный.','2025-11-18 14:25:31',0,10,4),(796,1,99,'petrov.victor@mail.ru','Купил месяц назад, очень доволен. За эти деньги лучший вариант на рынке.','2026-02-10 14:25:31',0,43,3),(797,1,99,'anna.cargirl@mail.ru','Ездили на тест. Динамика хорошая, руль информативный. Подвеска мягкая.','2026-02-27 19:25:31',0,35,4),(798,1,103,'olga.wheels@gmail.com','Взял кредит на 3 года. Ежемесячный платёж небольшой, а машина премиум-класса.','2025-12-10 00:25:31',0,16,4),(799,1,103,'petrov.victor@mail.ru','Немцы и японцы с таким ценником проигрывают в оснащении. Рекомендую!','2025-11-21 04:25:31',0,22,4),(800,1,115,'kovalev.petr@mail.ru','Пересел с японца на этого китайца и не пожалел. Качество сборки на высоте.','2026-01-01 10:25:31',0,24,4),(801,1,115,'petrov.victor@mail.ru','5 звёзд от Euro NCAP. AEB работает — уже тормозил на пешехода автоматически.','2026-01-11 00:25:31',0,0,3),(802,1,115,'kovalev.petr@mail.ru','Цена немного высоковата, но за такое качество — терпимо. Беру!','2025-12-26 22:25:31',0,48,3),(803,1,115,'kovalev.petr@mail.ru','Отличный вариант для семьи! Багажник большой, посадка удобная для всех.','2025-12-06 17:25:31',0,19,4),(804,1,141,'dmitry.wheel@yandex.ru','Купил месяц назад, очень доволен. За эти деньги лучший вариант на рынке.','2026-01-03 20:25:31',0,1,3),(805,1,141,'elena.auto@gmail.com','Тяга у электро версии просто зверская. Стартует мгновенно!','2026-01-19 08:25:31',0,12,3),(806,1,141,'ivan.avto@yandex.ru','Батарея заряжается до 80% за 25 минут. Расход на трассе минимальный.','2025-11-26 04:25:31',0,12,3),(807,1,150,'olga.wheels@gmail.com','Несколько лет смотрел на этот бренд с опаской, теперь понимаю зря сомневался.','2025-12-11 14:25:31',0,9,3),(808,1,150,'maxim.china@gmail.com','За год эксплуатации ни одного похода в сервис кроме ТО. Надёжно!','2026-02-16 04:25:31',0,47,4),(809,1,150,'dmitry.wheel@yandex.ru','Отличный вариант для семьи! Багажник большой, посадка удобная для всех.','2026-02-19 20:25:31',0,9,4),(810,1,150,'anna.cargirl@mail.ru','Немцы и японцы с таким ценником проигрывают в оснащении. Рекомендую!','2026-01-06 21:25:31',0,38,4),(811,1,150,'sergei.speed@yandex.ru','Проехал 10000 км — никаких нареканий. Расход на трассе 5.2 л/100 км.','2025-12-19 07:25:31',0,8,4),(812,1,163,'olga.wheels@gmail.com','Тяга у электро версии просто зверская. Стартует мгновенно!','2025-11-11 23:25:31',0,0,4),(813,1,163,'olga.wheels@gmail.com','Немцы и японцы с таким ценником проигрывают в оснащении. Рекомендую!','2026-02-13 10:25:31',0,42,4),(814,1,195,'anna.cargirl@mail.ru','Проехал 10000 км — никаких нареканий. Расход на трассе 5.2 л/100 км.','2026-01-25 17:25:31',0,44,4),(815,1,195,'maxim.china@gmail.com','5 звёзд от Euro NCAP. AEB работает — уже тормозил на пешехода автоматически.','2025-12-25 16:25:31',0,25,3),(816,1,195,'sergei.speed@yandex.ru','Рекомендую всем! Уже 4 человека из моего окружения купили такую же.','2026-01-20 05:25:31',0,41,3),(817,1,195,'olga.wheels@gmail.com','Зарядная инфраструктура в городе уже хорошая. У дома есть зарядка.','2026-01-06 15:25:31',0,19,4),(818,1,195,'sergei.speed@yandex.ru','Ездили на тест. Динамика хорошая, руль информативный. Подвеска мягкая.','2025-12-29 21:25:31',0,3,4),(819,1,220,'nazarov.andrei@yandex.ru','Заряжаю дома от розетки 220V. На 100 км уходит около 80 рублей.','2025-11-19 16:25:31',0,48,4),(820,1,220,'kovalev.petr@mail.ru','Взял для городских поездок. Маневренный, камера 360 градусов.','2026-02-21 18:25:31',0,5,4),(821,1,220,'orlova.maya@yandex.ru','Взял кредит на 3 года. Ежемесячный платёж небольшой, а машина премиум-класса.','2025-12-29 01:25:31',0,15,4),(822,1,220,'nikolai.rider@inbox.ru','Ездили на тест. Динамика хорошая, руль информативный. Подвеска мягкая.','2026-02-18 14:25:31',0,49,3),(823,1,220,'orlova.maya@yandex.ru','Салон шикарный, кресла с вентиляцией. Для такой цены конкурентов нет.','2025-12-18 18:25:31',0,3,4),(824,1,23,'elena.auto@gmail.com','Тяга у электро версии просто зверская. Стартует мгновенно!','2026-01-12 10:25:31',0,29,3),(825,1,23,'svetlana.drive@mail.ru','Жена сначала скептически относилась, теперь сама говорит: надо брать раньше.','2025-12-15 05:25:31',0,30,3),(826,1,31,'svetlana.drive@mail.ru','Жена сначала скептически относилась, теперь сама говорит: надо брать раньше.','2026-03-06 13:25:31',0,36,4),(827,1,31,'smirnova.oksana@gmail.com','В реальности всё ещё лучше чем в обзорах. Качество пластика удивляет.','2026-02-11 09:25:31',0,45,3),(828,1,31,'anna.cargirl@mail.ru','Адаптивный круиз — реально полезная вещь на трассе. Руки не устают.','2026-02-09 12:25:31',0,15,3),(829,1,31,'smirnova.oksana@gmail.com','Купил месяц назад, очень доволен. За эти деньги лучший вариант на рынке.','2026-01-04 03:25:31',0,7,3),(830,1,39,'dmitry.wheel@yandex.ru','Жена сначала скептически относилась, теперь сама говорит: надо брать раньше.','2026-01-11 16:25:31',0,9,3),(831,1,39,'ivan.avto@yandex.ru','5 звёзд от Euro NCAP. AEB работает — уже тормозил на пешехода автоматически.','2025-12-13 11:25:31',0,10,3),(832,1,39,'dmitry.wheel@yandex.ru','Взял кредит на 3 года. Ежемесячный платёж небольшой, а машина премиум-класса.','2026-01-18 12:25:31',0,48,4),(833,1,39,'petrov.victor@mail.ru','Жена сначала скептически относилась, теперь сама говорит: надо брать раньше.','2025-12-15 13:25:31',0,47,3),(834,1,39,'sergei.speed@yandex.ru','Машина тихая, особенно на скорости. Звукоизоляция реально работает.','2026-01-25 15:25:31',0,6,4),(835,1,39,'elena.auto@gmail.com','Немцы и японцы с таким ценником проигрывают в оснащении. Рекомендую!','2026-01-01 21:25:31',0,42,3),(836,1,46,'olga.wheels@gmail.com','Рекомендую всем! Уже 4 человека из моего окружения купили такую же.','2025-11-10 10:25:31',0,36,4),(837,1,46,'sergei.speed@yandex.ru','Салон шикарный, кресла с вентиляцией. Для такой цены конкурентов нет.','2025-11-22 11:25:31',0,22,4),(838,1,46,'sergei.speed@yandex.ru','Отличный вариант для семьи! Багажник большой, посадка удобная для всех.','2025-12-16 12:25:31',0,5,4),(839,1,46,'maxim.china@gmail.com','За год эксплуатации ни одного похода в сервис кроме ТО. Надёжно!','2025-12-18 07:25:31',0,7,3),(840,1,54,'orlova.maya@yandex.ru','Заряжаю дома от розетки 220V. На 100 км уходит около 80 рублей.','2026-01-31 06:25:31',0,36,4),(841,1,54,'kovalev.petr@mail.ru','Купил месяц назад, очень доволен. За эти деньги лучший вариант на рынке.','2025-12-24 18:25:31',0,27,3),(842,1,54,'smirnova.oksana@gmail.com','Цена немного высоковата, но за такое качество — терпимо. Беру!','2026-02-23 04:25:31',0,1,4),(843,1,54,'dmitry.wheel@yandex.ru','Заряжаю дома от розетки 220V. На 100 км уходит около 80 рублей.','2026-01-01 09:25:31',0,18,4),(844,1,58,'elena.auto@gmail.com','Проехал 10000 км — никаких нареканий. Расход на трассе 5.2 л/100 км.','2025-11-30 15:25:31',0,39,4),(845,1,58,'olga.wheels@gmail.com','Батарея заряжается до 80% за 25 минут. Расход на трассе минимальный.','2026-01-14 15:25:31',0,1,3),(846,1,59,'aleksei.motors@mail.ru','Купил месяц назад, очень доволен. За эти деньги лучший вариант на рынке.','2025-12-09 15:25:31',0,37,4),(847,1,59,'maxim.china@gmail.com','Батарея заряжается до 80% за 25 минут. Расход на трассе минимальный.','2026-02-17 18:25:31',0,41,4),(848,1,59,'orlova.maya@yandex.ru','Смотрел лично в салоне. Интерьер впечатляет, всё подогнано ровно.','2025-12-25 00:25:31',0,3,4),(849,1,59,'svetlana.drive@mail.ru','Батарея заряжается до 80% за 25 минут. Расход на трассе минимальный.','2026-02-27 14:25:31',0,17,4),(850,1,59,'aleksei.motors@mail.ru','Заряжаю дома от розетки 220V. На 100 км уходит около 80 рублей.','2025-12-20 17:25:31',0,23,4),(851,1,89,'kovalev.petr@mail.ru','Машина тихая, особенно на скорости. Звукоизоляция реально работает.','2026-01-28 17:25:31',0,18,3),(852,1,89,'nikolai.rider@inbox.ru','Заряжаю дома от розетки 220V. На 100 км уходит около 80 рублей.','2025-12-06 09:25:31',0,1,4),(853,1,123,'orlova.maya@yandex.ru','Салон шикарный, кресла с вентиляцией. Для такой цены конкурентов нет.','2025-11-16 21:25:31',0,10,3),(854,1,123,'elena.auto@gmail.com','Проехал 10000 км — никаких нареканий. Расход на трассе 5.2 л/100 км.','2026-01-14 20:25:31',0,24,4),(855,1,123,'anna.cargirl@mail.ru','За год эксплуатации ни одного похода в сервис кроме ТО. Надёжно!','2025-12-30 14:25:31',0,23,3),(856,1,123,'anna.cargirl@mail.ru','Отличный вариант для семьи! Багажник большой, посадка удобная для всех.','2026-01-23 09:25:31',0,26,3),(857,1,123,'dmitry.wheel@yandex.ru','Батарея заряжается до 80% за 25 минут. Расход на трассе минимальный.','2026-01-06 14:25:31',0,8,3),(858,1,124,'aleksei.motors@mail.ru','Взял кредит на 3 года. Ежемесячный платёж небольшой, а машина премиум-класса.','2026-01-07 23:25:31',0,40,3),(859,1,124,'nazarov.andrei@yandex.ru','В реальности всё ещё лучше чем в обзорах. Качество пластика удивляет.','2025-12-08 10:25:31',0,40,4),(860,1,124,'nazarov.andrei@yandex.ru','Жена сначала скептически относилась, теперь сама говорит: надо брать раньше.','2026-02-27 17:25:31',0,24,3),(861,1,177,'smirnova.oksana@gmail.com','Адаптивный круиз — реально полезная вещь на трассе. Руки не устают.','2025-11-25 10:25:31',0,31,4),(862,1,177,'petrov.victor@mail.ru','Цена немного высоковата, но за такое качество — терпимо. Беру!','2025-12-25 21:25:31',0,38,4),(863,1,203,'smirnova.oksana@gmail.com','5 звёзд от Euro NCAP. AEB работает — уже тормозил на пешехода автоматически.','2026-01-18 11:25:31',0,45,3),(864,1,203,'dmitry.wheel@yandex.ru','За год эксплуатации ни одного похода в сервис кроме ТО. Надёжно!','2025-11-08 12:25:31',0,47,3),(865,1,203,'svetlana.drive@mail.ru','Технологий внутри больше, чем ожидал. Голосовое управление работает!','2025-11-22 16:25:31',0,26,4),(866,1,203,'ivan.avto@yandex.ru','Смотрел лично в салоне. Интерьер впечатляет, всё подогнано ровно.','2025-11-15 21:25:31',0,38,4),(867,1,207,'dmitry.wheel@yandex.ru','Проехал 10000 км — никаких нареканий. Расход на трассе 5.2 л/100 км.','2026-02-15 01:25:31',0,9,4),(868,1,207,'nikolai.rider@inbox.ru','Смотрел лично в салоне. Интерьер впечатляет, всё подогнано ровно.','2025-11-18 01:25:31',0,15,4),(869,1,207,'elena.auto@gmail.com','Технологий внутри больше, чем ожидал. Голосовое управление работает!','2026-01-08 21:25:31',0,9,4),(870,1,207,'anna.cargirl@mail.ru','Проехал 10000 км — никаких нареканий. Расход на трассе 5.2 л/100 км.','2026-02-11 23:25:31',0,13,4);
/*!40000 ALTER TABLE `comments` ENABLE KEYS */;
UNLOCK TABLES;

--
-- Table structure for table `doc`
--

DROP TABLE IF EXISTS `doc`;
/*!40101 SET @saved_cs_client     = @@character_set_client */;
/*!40101 SET character_set_client = utf8 */;
CREATE TABLE `doc` (
  `id` int(12) NOT NULL AUTO_INCREMENT,
  `title` varchar(125) NOT NULL,
  `content` text NOT NULL,
  `created` datetime NOT NULL DEFAULT current_timestamp(),
  PRIMARY KEY (`id`)
) ENGINE=InnoDB AUTO_INCREMENT=5 DEFAULT CHARSET=utf8 COLLATE=utf8_general_ci;
/*!40101 SET character_set_client = @saved_cs_client */;

--
-- Dumping data for table `doc`
--

LOCK TABLES `doc` WRITE;
/*!40000 ALTER TABLE `doc` DISABLE KEYS */;
INSERT INTO `doc` VALUES (1,'???????????????? ??????????????','<p>?????? ???? ????</p><h1>???? ?????? ?? ????</h1><p>&nbsp;</p><p>???? ???? ??????&nbsp;</p><ul><li>????????????</li><li>????????????</li><li>????????????</li></ul><p>??????????????????????</p><ol><li>????????</li><li>????????????<ol><li>??????</li><li>??????????</li></ol></li><li>????????????</li><li>&nbsp;</li></ol>','2021-04-26 19:39:46'),(2,'??????????????????????','<p>????????????</p>','2021-04-26 19:40:42'),(3,'???????????? ????????????????????????','<h2>???????????? ?????????????? ??????????????????????????</h2><p>?????? ?????????????? ??????????????????</p><ul><li>?????? ???????????? ????????????</li><li>???????????? ?????????? ????????????<ul><li>??????????????????</li><li>??????????????????-2</li></ul></li></ul>','2021-04-26 20:07:19'),(4,'AndreiTest','<p>???????? ?????? ?????? ??????</p>','2021-04-26 20:07:51');
/*!40000 ALTER TABLE `doc` ENABLE KEYS */;
UNLOCK TABLES;

--
-- Table structure for table `favorites`
--

DROP TABLE IF EXISTS `favorites`;
/*!40101 SET @saved_cs_client     = @@character_set_client */;
/*!40101 SET character_set_client = utf8 */;
CREATE TABLE `favorites` (
  `id` int(11) NOT NULL AUTO_INCREMENT,
  `id_user` int(11) NOT NULL,
  `id_car` int(11) NOT NULL,
  `created_at` timestamp NOT NULL DEFAULT current_timestamp(),
  PRIMARY KEY (`id`),
  UNIQUE KEY `unique_fav` (`id_user`,`id_car`),
  KEY `id_car` (`id_car`),
  CONSTRAINT `favorites_ibfk_1` FOREIGN KEY (`id_user`) REFERENCES `users` (`id`) ON DELETE CASCADE,
  CONSTRAINT `favorites_ibfk_2` FOREIGN KEY (`id_car`) REFERENCES `cars` (`id`) ON DELETE CASCADE
) ENGINE=InnoDB AUTO_INCREMENT=16 DEFAULT CHARSET=utf8mb4 COLLATE=utf8mb4_general_ci;
/*!40101 SET character_set_client = @saved_cs_client */;

--
-- Dumping data for table `favorites`
--

LOCK TABLES `favorites` WRITE;
/*!40000 ALTER TABLE `favorites` DISABLE KEYS */;
INSERT INTO `favorites` VALUES (1,53,1,'2026-03-07 06:40:58'),(6,54,3,'2026-03-07 06:40:58'),(7,54,8,'2026-03-07 06:40:58'),(8,54,16,'2026-03-07 06:40:58'),(14,53,3,'2026-03-09 06:44:14'),(15,53,2,'2026-03-09 06:44:17');
/*!40000 ALTER TABLE `favorites` ENABLE KEYS */;
UNLOCK TABLES;

--
-- Table structure for table `login_attempts`
--

DROP TABLE IF EXISTS `login_attempts`;
/*!40101 SET @saved_cs_client     = @@character_set_client */;
/*!40101 SET character_set_client = utf8 */;
CREATE TABLE `login_attempts` (
  `id` int(11) NOT NULL AUTO_INCREMENT,
  `ip_address` varchar(45) NOT NULL,
  `attempts` int(11) DEFAULT 0,
  `last_attempt_time` timestamp NOT NULL DEFAULT current_timestamp(),
  PRIMARY KEY (`id`)
) ENGINE=InnoDB DEFAULT CHARSET=utf8mb4 COLLATE=utf8mb4_general_ci;
/*!40101 SET character_set_client = @saved_cs_client */;

--
-- Dumping data for table `login_attempts`
--

LOCK TABLES `login_attempts` WRITE;
/*!40000 ALTER TABLE `login_attempts` DISABLE KEYS */;
/*!40000 ALTER TABLE `login_attempts` ENABLE KEYS */;
UNLOCK TABLES;

--
-- Table structure for table `password_resets`
--

DROP TABLE IF EXISTS `password_resets`;
/*!40101 SET @saved_cs_client     = @@character_set_client */;
/*!40101 SET character_set_client = utf8 */;
CREATE TABLE `password_resets` (
  `id` int(11) NOT NULL AUTO_INCREMENT,
  `email` varchar(255) NOT NULL,
  `token` varchar(255) NOT NULL,
  `created_at` timestamp NOT NULL DEFAULT current_timestamp(),
  PRIMARY KEY (`id`)
) ENGINE=InnoDB DEFAULT CHARSET=utf8mb4 COLLATE=utf8mb4_general_ci;
/*!40101 SET character_set_client = @saved_cs_client */;

--
-- Dumping data for table `password_resets`
--

LOCK TABLES `password_resets` WRITE;
/*!40000 ALTER TABLE `password_resets` DISABLE KEYS */;
/*!40000 ALTER TABLE `password_resets` ENABLE KEYS */;
UNLOCK TABLES;

--
-- Table structure for table `posts`
--

DROP TABLE IF EXISTS `posts`;
/*!40101 SET @saved_cs_client     = @@character_set_client */;
/*!40101 SET character_set_client = utf8 */;
CREATE TABLE `posts` (
  `id` int(12) NOT NULL AUTO_INCREMENT,
  `id_user` int(12) NOT NULL,
  `title` varchar(255) NOT NULL,
  `img` varchar(255) NOT NULL,
  `content` text NOT NULL,
  `status` tinyint(4) NOT NULL,
  `id_topic` int(12) DEFAULT NULL,
  `created_date` datetime NOT NULL DEFAULT current_timestamp(),
  PRIMARY KEY (`id`),
  KEY `id_topic` (`id_topic`),
  CONSTRAINT `posts_ibfk_1` FOREIGN KEY (`id_topic`) REFERENCES `topics` (`id`) ON DELETE SET NULL ON UPDATE CASCADE
) ENGINE=InnoDB AUTO_INCREMENT=28 DEFAULT CHARSET=utf8 COLLATE=utf8_general_ci;
/*!40101 SET character_set_client = @saved_cs_client */;

--
-- Dumping data for table `posts`
--

LOCK TABLES `posts` WRITE;
/*!40000 ALTER TABLE `posts` DISABLE KEYS */;
INSERT INTO `posts` VALUES (20,50,'PHP ?????? Django?','1620237923_test1.jpg','<p>sdfsd</p>',1,15,'2021-05-05 21:05:23'),(21,50,'?????? ?????? ???????????? ?????? ?? PHP?','1620237940_test1.jpg','<p>??????????)))</p>',1,15,'2021-05-05 21:05:40'),(22,50,'???????? ???????????? ????:','1620377595_test1.jpg','<p>???????????? ????????????</p>',1,18,'2021-05-05 21:07:26'),(23,50,'?????? ?????????????? ?????????????? ?????????? ???????????? ?????????????????? ?????????????? ?? ???????? ???????????? (????????, ???????????? ?????????????????? ?????? ??????????????). ?? ?????????? ?????????????? ???????????? ???????????????? ?????????','1620239962_second.png','<p>?????? ?????????????? ?????????????? ?????????? ???????????? ?????????????????? ?????????????? ?? ???????? ???????????? (????????, ???????????? ?????????????????? ?????? ??????????????). ?? ?????????? ?????????????? ???????????? ???????????????? ??????????-???????? ?????????????????????????? ???????????? ???? ????<i>??</i>???????????? ??????????????, ?????? ?????????????????????????? ???? ?? ????????????????????.</p><p>&nbsp;</p><p>?????? ?????????????? ?????????????? ?????????? ???????????? ?????????????????? ?????????????? ?? ???????? ???????????? (????????, ???????????? ?????????????????? ?????? ??????????????). ?? ?????????? ?????????????? ???????????? ???????????????? ??????????-???????? ?????????????????????????? ???????????? ???? ????<i>??</i>???????????? ??????????????, ?????? ?????????????????????????? ???? ?? ????????????????????.</p>',1,15,'2021-05-05 21:38:37'),(24,50,'15 ???????????????? ???????????? PostgreSQL','1620374705_PostgreSQL.png','<p>?? ???????? ?????????? ???????????????????? ???? PostgreSQL, ?????????????? ?????????????????? ???????????????? ??????????????. ???? ?????? ???????????????????? ???????????? ?? ???????????? ?????????????????? ?????????? ???????????????????????? ??????????????, ?????? ?????????????? ?????????????????? ?????????????????????? ??????????????.</p><p>?????????? ??????????????, ?????? <a href=\"https://ru.wikipedia.org/wiki/%D0%A1%D0%BD%D0%B8%D0%BF%D0%BF%D0%B5%D1%82\">????????????????</a>, ?????????? ?????????????? ?? ????????????????????????. ???????????????????? ?????????????????? ???? ????????????????, ???????????????? ?????? ?????? ??????????????????????????, ?????? ?? ?????? ?????????????????????????????? ?????? ????????????.</p>',1,18,'2021-05-07 11:05:05'),(26,51,'???????????? ???? TEST ????????????????????????','1621268311_test1.jpg','<p>???? ???????????? ??????????????????????????, ?????????? ???????? ???????????? ???????????? ??????????????????. ???? ???????????????? ?????????????????? ????????????, ?????? ???????????????? ?????????????????? ?? ???????????? ???????????? ??????????.<br><br>?????????? ???????????????????????? ???????????????? ?????????????? ???? ???????????????????? 50 ??? 100 ?? ???? ?????????????? ???? 6 ??????. ????????????. ???????????? ???????? ???????????? ???? Hydromea ?????? ?? ???????????? ???????????? ???????????????????? ??????????.<br><br>&nbsp;</p><h2>?????????? ?????????? ?????????? ??????????</h2><p><br>???????????????????? ???????????????????? ?????????? ??? ?????????? ?????????????? ????????????, ?????? ???????????????? ???????????????? ?????? ?????????????????? ???????????????????? ????????????.<br><br>?????????? ???????? ???????????????? ?????????????????????? ???????????? ?????? ???????????<br><br>&nbsp;</p><ul><li>????????????????????, ???? ???? ?????????????????? ???? ?????????? ????????????.</li><li>???????????????? ?????????? ?????????????? ??????????????????, ???????????? ???????? ?????????????????? ?? ???? ????????????????????.</li><li>?????????????????? ????????????????????. ???? ?????????????? ?????? ?????????? ???????????????????????????????? ??????????????. ???? ?? ?? ???????? ???????? ????????????, ?????????????? ?????????? ???? ???????????? ??????????????????????.</li></ul><p><br>???????? ?????????????????? ????????, ?? ?????????????? ???????????? ???????????????????? ???????????????????? ?????????????????? ???????????????????????? ?????????????? ?????? ?????????????????? ???????????? ????????????????:<br><br>&nbsp;</p><ul><li>?????????????????? ????????????????????????;</li><li>?????????????? ???????????????????????????? ????????????;</li><li>?????????????????????????? ?? ???????????? ???????????? ????????????????.</li></ul><p><br>?????? ???????????? ???????????????????????? ExRay ?????????? ?????????????????? ?????????????????? ?????????????????????????? ???????????????? ?? ?????????????????? ?????????????????????? ??????????????????????????:<br><br>&nbsp;</p><ul><li>?? ???????????????? ??????????????????????????????????????;</li><li>???????????????? ???????????? ??????????;</li><li>???????????????????? ?????????????? ???? ??????????.</li><li>&nbsp;</li></ul>',1,17,'2021-05-17 19:18:31'),(27,50,'?????????? ????????????','1621881949_second.png','<p>??????????????????, ???????????????????????? ??????????????????, pagination, pagination php,<br>easy pagination, ?????????????????? ???? php</p><p>Lorem ipsum dolor sit amet, consectetur adipiscing elit, sed do eiusmod tempor incididunt ut labore et dolore magna aliqua. Ornare massa eget egestas purus. Nunc consequat interdum varius sit amet mattis vulputate enim. Nunc mi ipsum faucibus vitae aliquet nec. Arcu odio ut sem nulla pharetra diam sit. Ultricies lacus sed turpis tincidunt id aliquet risus. Sit amet est placerat in egestas. Erat pellentesque adipiscing commodo elit at. Quis commodo odio aenean sed. Proin libero nunc consequat interdum varius.</p><p>At volutpat diam ut venenatis tellus. Sit amet volutpat consequat mauris nunc congue nisi vitae suscipit. Nisi est sit amet facilisis magna etiam tempor. Interdum velit euismod in pellentesque massa placerat. Ut morbi tincidunt augue interdum velit euismod. Sed elementum tempus egestas sed. Scelerisque in dictum non consectetur a erat. Sollicitudin ac orci phasellus egestas tellus rutrum tellus pellentesque eu. Habitant morbi tristique senectus et. At consectetur lorem donec massa sapien faucibus et. Praesent tristique magna sit amet. Enim ut tellus elementum sagittis vitae et leo. Elit pellentesque habitant morbi tristique senectus. Mauris pharetra et ultrices neque ornare aenean euismod elementum nisi.</p><p>Mi bibendum neque egestas congue quisque egestas diam. Vitae tortor condimentum lacinia quis vel eros donec ac. At erat pellentesque adipiscing commodo elit at. Consectetur a erat nam at lectus urna duis convallis. Rhoncus est pellentesque elit ullamcorper dignissim. Non nisi est sit amet facilisis. Tellus orci ac auctor augue mauris augue neque gravida. Ornare aenean euismod elementum nisi quis eleifend quam adipiscing vitae. Mattis enim ut tellus elementum sagittis vitae et. Nec tincidunt praesent semper feugiat. Lacus vel facilisis volutpat est. Fringilla ut morbi tincidunt augue. Condimentum mattis pellentesque id nibh tortor id aliquet lectus proin. Suspendisse interdum consectetur libero id faucibus. Ut diam quam nulla porttitor massa. Sit amet facilisis magna etiam tempor orci. Aenean et tortor at risus. At consectetur lorem donec massa sapien faucibus. Risus feugiat in ante metus dictum at. Ultrices neque ornare aenean euismod.</p>',1,17,'2021-05-24 21:45:49');
/*!40000 ALTER TABLE `posts` ENABLE KEYS */;
UNLOCK TABLES;

--
-- Table structure for table `topics`
--

DROP TABLE IF EXISTS `topics`;
/*!40101 SET @saved_cs_client     = @@character_set_client */;
/*!40101 SET character_set_client = utf8 */;
CREATE TABLE `topics` (
  `id` int(12) NOT NULL AUTO_INCREMENT,
  `name` varchar(121) NOT NULL,
  `description` text NOT NULL,
  PRIMARY KEY (`id`),
  UNIQUE KEY `name` (`name`)
) ENGINE=InnoDB AUTO_INCREMENT=19 DEFAULT CHARSET=utf8 COLLATE=utf8_general_ci;
/*!40101 SET character_set_client = @saved_cs_client */;

--
-- Dumping data for table `topics`
--

LOCK TABLES `topics` WRITE;
/*!40000 ALTER TABLE `topics` DISABLE KEYS */;
INSERT INTO `topics` VALUES (15,'php','Some about php'),(16,'uncategory','...'),(17,'?? ?????????? IT','?????? ?????????????????? ?????????? ?????????????????????? ?? ???????????????????? ?? IT'),(18,'Top topics','?????????????????? ?????? ???????????? ???????????? ?? ???????????????????????????? ???????????????? ???? ?????????????? ????????????????.');
/*!40000 ALTER TABLE `topics` ENABLE KEYS */;
UNLOCK TABLES;

--
-- Table structure for table `users`
--

DROP TABLE IF EXISTS `users`;
/*!40101 SET @saved_cs_client     = @@character_set_client */;
/*!40101 SET character_set_client = utf8 */;
CREATE TABLE `users` (
  `id` int(12) NOT NULL AUTO_INCREMENT,
  `admin` tinyint(4) NOT NULL,
  `username` varchar(255) NOT NULL,
  `email` varchar(255) NOT NULL,
  `password` varchar(255) NOT NULL,
  `created` timestamp NOT NULL DEFAULT current_timestamp(),
  `avatar` varchar(255) DEFAULT '',
  PRIMARY KEY (`id`),
  UNIQUE KEY `email` (`email`)
) ENGINE=InnoDB AUTO_INCREMENT=66 DEFAULT CHARSET=utf8 COLLATE=utf8_general_ci;
/*!40101 SET character_set_client = @saved_cs_client */;

--
-- Dumping data for table `users`
--

LOCK TABLES `users` WRITE;
/*!40000 ALTER TABLE `users` DISABLE KEYS */;
INSERT INTO `users` VALUES (50,1,'Andrei','ahdepc88@gmail.com','$2y$10$mkpLBHXIXJbVcy3N/NJdieHK.JWezPbul4VeMh/malzOO/Ug9IKf2','2021-05-05 18:04:34',''),(52,0,'Test22','test22@gmail.com','$2y$10$QnMnaL.Uzbi77Y3XaFA1MeofmCh8M31fMCvahekLt0dPBP7twpeq2','2021-05-27 18:23:26',''),(53,1,'danil','danil@gmail.com','$2y$10$QMVi57aUdH4RSRI7ABiHFeGgpSF8tmP6nTCAjmX1nVbNzZMHnwQPG','2026-03-07 06:40:26',''),(54,0,'alexey','alexey@mail.ru','$2y$10$vvtRWHMISRuEXnQ.n0RCved94dBZlbYxzUwXQA9hopwDzkaI8XkOC','2026-03-07 06:40:26',''),(56,0,'aleksei_motors','aleksei.motors@mail.ru','$2y$10$SEWR5Bsx0oRkHZM212.YzeFBwbcNPCFYVssRQnVqDJ/BiKpWY9yyS','2026-03-07 18:08:42',''),(57,0,'ivan_avto','ivan.avto@yandex.ru','$2y$10$SEWR5Bsx0oRkHZM212.YzeFBwbcNPCFYVssRQnVqDJ/BiKpWY9yyS','2026-03-07 18:08:42',''),(58,0,'maxim_china','maxim.china@gmail.com','$2y$10$SEWR5Bsx0oRkHZM212.YzeFBwbcNPCFYVssRQnVqDJ/BiKpWY9yyS','2026-03-07 18:08:42',''),(59,0,'svetlana_drive','svetlana.drive@mail.ru','$2y$10$SEWR5Bsx0oRkHZM212.YzeFBwbcNPCFYVssRQnVqDJ/BiKpWY9yyS','2026-03-07 18:08:42',''),(60,0,'dmitry_wheel','dmitry.wheel@yandex.ru','$2y$10$SEWR5Bsx0oRkHZM212.YzeFBwbcNPCFYVssRQnVqDJ/BiKpWY9yyS','2026-03-07 18:08:42',''),(61,0,'elena_auto','elena.auto@gmail.com','$2y$10$SEWR5Bsx0oRkHZM212.YzeFBwbcNPCFYVssRQnVqDJ/BiKpWY9yyS','2026-03-07 18:08:42',''),(62,0,'nikolai_rider','nikolai.rider@inbox.ru','$2y$10$SEWR5Bsx0oRkHZM212.YzeFBwbcNPCFYVssRQnVqDJ/BiKpWY9yyS','2026-03-07 18:08:42',''),(63,0,'anna_cargirl','anna.cargirl@mail.ru','$2y$10$SEWR5Bsx0oRkHZM212.YzeFBwbcNPCFYVssRQnVqDJ/BiKpWY9yyS','2026-03-07 18:08:42',''),(64,0,'sergei_speed','sergei.speed@yandex.ru','$2y$10$SEWR5Bsx0oRkHZM212.YzeFBwbcNPCFYVssRQnVqDJ/BiKpWY9yyS','2026-03-07 18:08:42',''),(65,0,'olga_wheels','olga.wheels@gmail.com','$2y$10$SEWR5Bsx0oRkHZM212.YzeFBwbcNPCFYVssRQnVqDJ/BiKpWY9yyS','2026-03-07 18:08:42','');
/*!40000 ALTER TABLE `users` ENABLE KEYS */;
UNLOCK TABLES;
/*!40103 SET TIME_ZONE=@OLD_TIME_ZONE */;

/*!40101 SET SQL_MODE=@OLD_SQL_MODE */;
/*!40014 SET FOREIGN_KEY_CHECKS=@OLD_FOREIGN_KEY_CHECKS */;
/*!40014 SET UNIQUE_CHECKS=@OLD_UNIQUE_CHECKS */;
/*!40101 SET CHARACTER_SET_CLIENT=@OLD_CHARACTER_SET_CLIENT */;
/*!40101 SET CHARACTER_SET_RESULTS=@OLD_CHARACTER_SET_RESULTS */;
/*!40101 SET COLLATION_CONNECTION=@OLD_COLLATION_CONNECTION */;
/*!40111 SET SQL_NOTES=@OLD_SQL_NOTES */;

-- Dump completed on 2026-03-09 14:25:53
